symbol,price,volume,timestamp
AAPL,262.74,905457,2025-10-25T22:15:00.719633
GOOGL,259.91,528605,2025-10-25T22:15:00.889925
MSFT,523.50,492570,2025-10-25T22:15:01.059625
TSLA,433.59,851242,2025-10-25T22:15:01.213566
AAPL,262.74,905457,2025-10-25T22:15:04.325745
GOOGL,259.91,528605,2025-10-25T22:15:04.410349
AAPL,262.74,905457,2025-10-25T23:10:49.366090
GOOGL,259.91,528605,2025-10-25T23:10:49.565908
MSFT,523.50,492570,2025-10-25T23:10:49.704006
TSLA,433.59,851242,2025-10-25T23:10:49.902916
AAPL,262.74,905457,2025-10-25T23:10:52.989512
GOOGL,259.91,528605,2025-10-25T23:10:53.069374
MSFT,523.50,492570,2025-10-25T23:10:53.151163
TSLA,433.59,851242,2025-10-25T23:10:53.237568
AAPL,262.74,905457,2025-10-25T23:10:56.358002
GOOGL,259.91,528605,2025-10-25T23:10:56.471916
MSFT,523.50,492570,2025-10-25T23:10:56.618658
TSLA,433.59,851242,2025-10-25T23:10:56.714191
AAPL,262.74,905457,2025-10-25T23:10:59.880699
GOOGL,259.91,528605,2025-10-25T23:10:59.984769
MSFT,523.50,492570,2025-10-25T23:11:00.129517
TSLA,433.59,851242,2025-10-25T23:11:00.309333
AAPL,262.74,905457,2025-10-25T23:11:03.480276
GOOGL,259.91,528605,2025-10-25T23:11:03.637345
MSFT,523.50,492570,2025-10-25T23:11:03.720634
TSLA,433.59,851242,2025-10-25T23:11:03.802606
AAPL,262.74,905457,2025-10-25T23:11:06.921183
GOOGL,259.91,528605,2025-10-25T23:11:07.010381
MSFT,523.50,492570,2025-10-25T23:11:07.102015
TSLA,433.59,851242,2025-10-25T23:11:07.181191
AAPL,262.74,905457,2025-10-25T23:11:10.312098
GOOGL,259.91,528605,2025-10-25T23:11:10.410846
MSFT,523.50,492570,2025-10-25T23:11:10.507462
TSLA,433.59,851242,2025-10-25T23:11:10.663189
AAPL,262.74,905457,2025-10-25T23:11:13.781185
GOOGL,259.91,528605,2025-10-25T23:11:13.871138
MSFT,523.50,492570,2025-10-25T23:11:14.036774
TSLA,433.59,851242,2025-10-25T23:11:14.121539
AAPL,262.74,905457,2025-10-25T23:11:17.305285
GOOGL,259.91,528605,2025-10-25T23:11:17.444801
MSFT,523.50,492570,2025-10-25T23:11:17.606916
TSLA,433.59,851242,2025-10-25T23:11:17.692717
AAPL,262.74,905457,2025-10-25T23:11:20.796900
GOOGL,259.91,528605,2025-10-25T23:11:20.908326
MSFT,523.50,492570,2025-10-25T23:11:21.096182
TSLA,433.59,851242,2025-10-25T23:11:21.306872
AAPL,262.74,905457,2025-10-25T23:11:24.404767
GOOGL,259.91,528605,2025-10-25T23:11:24.491215
MSFT,523.50,492570,2025-10-25T23:11:24.775319
TSLA,433.59,851242,2025-10-25T23:11:24.852194
AAPL,262.74,905457,2025-10-25T23:11:28.052763
GOOGL,259.91,528605,2025-10-25T23:11:28.201047
MSFT,523.50,492570,2025-10-25T23:11:28.292463
TSLA,433.59,851242,2025-10-25T23:11:28.379142
AAPL,262.74,905457,2025-10-25T23:11:31.488224
GOOGL,259.91,528605,2025-10-25T23:11:31.576148
MSFT,523.50,492570,2025-10-25T23:11:31.654300
TSLA,433.59,851242,2025-10-25T23:11:31.796478
AAPL,262.74,905457,2025-10-25T23:11:34.887869
GOOGL,259.91,528605,2025-10-25T23:11:35.024045
MSFT,523.50,492570,2025-10-25T23:11:35.168870
TSLA,433.59,851242,2025-10-25T23:11:35.257338
AAPL,262.74,905457,2025-10-25T23:11:38.490877
GOOGL,259.91,528605,2025-10-25T23:11:38.630883
MSFT,523.50,492570,2025-10-25T23:11:38.723380
TSLA,433.59,851242,2025-10-25T23:11:38.809848
AAPL,262.74,905457,2025-10-25T23:11:41.918985
GOOGL,259.91,528605,2025-10-25T23:11:42.012276
MSFT,523.50,492570,2025-10-25T23:11:42.106488
TSLA,433.59,851242,2025-10-25T23:11:42.253565
AAPL,262.74,905457,2025-10-25T23:11:45.372102
GOOGL,259.91,528605,2025-10-25T23:11:45.460604
MSFT,523.50,492570,2025-10-25T23:11:45.659398
TSLA,433.59,851242,2025-10-25T23:11:45.743990
AAPL,262.74,905457,2025-10-25T23:11:48.855565
GOOGL,259.91,528605,2025-10-25T23:11:48.942824
MSFT,523.50,492570,2025-10-25T23:11:49.028468
TSLA,433.59,851242,2025-10-25T23:11:49.109075
AAPL,262.74,905457,2025-10-25T23:11:52.308403
GOOGL,259.91,528605,2025-10-25T23:11:52.457765
MSFT,523.50,492570,2025-10-25T23:11:52.543243
TSLA,433.59,851242,2025-10-25T23:11:52.624003
AAPL,262.74,905457,2025-10-25T23:11:55.732118
GOOGL,259.91,528605,2025-10-25T23:11:55.813435
MSFT,523.50,492570,2025-10-25T23:11:55.889567
TSLA,433.59,851242,2025-10-25T23:11:56.094923
AAPL,262.74,905457,2025-10-25T23:11:59.190578
GOOGL,259.91,528605,2025-10-25T23:11:59.324054
MSFT,523.50,492570,2025-10-25T23:11:59.544314
TSLA,433.59,851242,2025-10-25T23:11:59.629092
AAPL,262.74,905457,2025-10-25T23:15:40.010357
GOOGL,259.91,528605,2025-10-25T23:15:40.236107
MSFT,523.50,492570,2025-10-25T23:15:40.541611
TSLA,433.59,851242,2025-10-25T23:15:40.692648
AAPL,262.74,905457,2025-10-25T23:15:43.816173
GOOGL,259.91,528605,2025-10-25T23:15:43.899530
MSFT,523.50,492570,2025-10-25T23:15:43.974740
TSLA,433.59,851242,2025-10-25T23:15:44.062893
AAPL,262.74,905457,2025-10-25T23:15:47.163915
GOOGL,259.91,528605,2025-10-25T23:15:47.234863
MSFT,523.50,492570,2025-10-25T23:15:47.316387
TSLA,433.59,851242,2025-10-25T23:15:47.396818
AAPL,262.74,905457,2025-10-25T23:15:50.561416
GOOGL,259.91,528605,2025-10-25T23:15:50.722063
MSFT,523.50,492570,2025-10-25T23:15:50.821016
TSLA,433.59,851242,2025-10-25T23:15:50.926658
AAPL,262.74,905457,2025-10-25T23:15:54.013875
GOOGL,259.91,528605,2025-10-25T23:15:54.113270
MSFT,523.50,492570,2025-10-25T23:15:54.286988
TSLA,433.59,851242,2025-10-25T23:15:54.444348
AAPL,262.74,905457,2025-10-25T23:15:57.545110
GOOGL,259.91,528605,2025-10-25T23:15:57.615986
MSFT,523.50,492570,2025-10-25T23:15:57.691793
TSLA,433.59,851242,2025-10-25T23:15:57.769254
AAPL,262.74,905457,2025-10-25T23:16:00.871345
GOOGL,259.91,528605,2025-10-25T23:16:00.946333
MSFT,523.50,492570,2025-10-25T23:16:01.027993
TSLA,433.59,851242,2025-10-25T23:16:01.105281
AAPL,262.74,905457,2025-10-25T23:16:04.301334
GOOGL,259.91,528605,2025-10-25T23:16:04.614306
MSFT,523.50,492570,2025-10-25T23:16:04.687703
TSLA,433.59,851242,2025-10-25T23:16:04.773183
AAPL,262.74,905457,2025-10-25T23:16:07.871525
GOOGL,259.91,528605,2025-10-25T23:16:07.949695
MSFT,523.50,492570,2025-10-25T23:16:08.194691
TSLA,433.59,851242,2025-10-25T23:16:08.355323
AAPL,262.74,905457,2025-10-25T23:16:11.492947
GOOGL,259.91,528605,2025-10-25T23:16:11.588601
MSFT,523.50,492570,2025-10-25T23:16:11.656918
TSLA,433.59,851242,2025-10-25T23:16:11.732045
AAPL,262.74,905457,2025-10-25T23:16:14.808287
GOOGL,259.91,528605,2025-10-25T23:16:14.884074
MSFT,523.50,492570,2025-10-25T23:16:14.962147
TSLA,433.59,851242,2025-10-25T23:16:15.033864
AAPL,262.74,905457,2025-10-25T23:16:18.230529
GOOGL,259.91,528605,2025-10-25T23:16:18.385543
MSFT,523.50,492570,2025-10-25T23:16:18.533154
TSLA,433.59,851242,2025-10-25T23:16:18.602850
AAPL,262.74,905457,2025-10-25T23:16:21.731482
GOOGL,259.91,528605,2025-10-25T23:16:21.815158
MSFT,523.50,492570,2025-10-25T23:16:21.892130
TSLA,433.59,851242,2025-10-25T23:16:22.044769
AAPL,262.74,905457,2025-10-25T23:16:25.152947
GOOGL,259.91,528605,2025-10-25T23:16:25.230208
MSFT,523.50,492570,2025-10-25T23:16:25.311347
TSLA,433.59,851242,2025-10-25T23:16:25.396006
AAPL,262.74,905457,2025-10-25T23:16:28.496357
GOOGL,259.91,528605,2025-10-25T23:16:28.676620
MSFT,523.50,492570,2025-10-25T23:16:28.749607
TSLA,433.59,851242,2025-10-25T23:16:28.825056
AAPL,262.74,905457,2025-10-25T23:16:32.060035
GOOGL,259.91,528605,2025-10-25T23:16:32.136836
MSFT,523.50,492570,2025-10-25T23:16:32.312045
TSLA,433.59,851242,2025-10-25T23:16:32.717975
AAPL,262.74,905457,2025-10-25T23:16:35.815827
GOOGL,259.91,528605,2025-10-25T23:16:35.892165
MSFT,523.50,492570,2025-10-25T23:16:35.971738
TSLA,433.59,851242,2025-10-25T23:16:36.048032
AAPL,262.74,905457,2025-10-25T23:16:39.138601
GOOGL,259.91,528605,2025-10-25T23:16:39.301569
MSFT,523.50,492570,2025-10-25T23:16:39.380774
TSLA,433.59,851242,2025-10-25T23:16:39.462072
AAPL,262.74,905457,2025-10-25T23:20:14.963710
GOOGL,259.91,528605,2025-10-25T23:20:15.206399
MSFT,523.50,492570,2025-10-25T23:20:15.358600
TSLA,433.59,851242,2025-10-25T23:20:15.513064
AAPL,262.74,905457,2025-10-25T23:20:18.618123
GOOGL,259.91,528605,2025-10-25T23:20:18.714481
MSFT,523.50,492570,2025-10-25T23:20:18.811796
TSLA,433.59,851242,2025-10-25T23:20:18.902354
AAPL,262.74,905457,2025-10-25T23:20:22.022967
GOOGL,259.91,528605,2025-10-25T23:20:22.124782
MSFT,523.50,492570,2025-10-25T23:20:22.374326
TSLA,433.59,851242,2025-10-25T23:20:22.470265
AAPL,262.74,905457,2025-10-25T23:20:25.659168
GOOGL,259.91,528605,2025-10-25T23:20:25.811055
MSFT,523.50,492570,2025-10-25T23:20:25.909831
TSLA,433.59,851242,2025-10-25T23:20:26.161954
AAPL,262.74,905457,2025-10-25T23:20:29.281518
GOOGL,259.91,528605,2025-10-25T23:20:29.373433
MSFT,523.50,492570,2025-10-25T23:20:29.599432
TSLA,433.59,851242,2025-10-25T23:20:29.698422
AAPL,262.74,905457,2025-10-25T23:20:32.797293
GOOGL,259.91,528605,2025-10-25T23:20:32.894626
MSFT,523.50,492570,2025-10-25T23:20:33.002560
TSLA,433.59,851242,2025-10-25T23:20:33.111124
AAPL,262.74,905457,2025-10-25T23:20:36.347994
GOOGL,259.91,528605,2025-10-25T23:20:36.518991
MSFT,523.50,492570,2025-10-25T23:20:36.622488
TSLA,433.59,851242,2025-10-25T23:20:36.782368
AAPL,262.74,905457,2025-10-25T23:20:39.895414
GOOGL,259.91,528605,2025-10-25T23:20:40.000319
MSFT,523.50,492570,2025-10-25T23:20:40.162744
TSLA,433.59,851242,2025-10-25T23:20:40.253172
AAPL,262.74,905457,2025-10-25T23:20:43.349209
GOOGL,259.91,528605,2025-10-25T23:20:43.449944
MSFT,523.50,492570,2025-10-25T23:20:43.548685
TSLA,433.59,851242,2025-10-25T23:20:43.651769
AAPL,262.74,905457,2025-10-25T23:20:46.765361
GOOGL,259.91,528605,2025-10-25T23:20:46.876870
MSFT,523.50,492570,2025-10-25T23:20:46.973303
TSLA,433.59,851242,2025-10-25T23:20:47.122418
AAPL,262.74,905457,2025-10-25T23:20:50.300978
GOOGL,259.91,528605,2025-10-25T23:20:50.482193
MSFT,523.50,492570,2025-10-25T23:20:50.634491
TSLA,433.59,851242,2025-10-25T23:20:50.739422
AAPL,262.74,905457,2025-10-25T23:20:53.844626
GOOGL,259.91,528605,2025-10-25T23:20:53.944172
MSFT,523.50,492570,2025-10-25T23:20:54.039716
TSLA,433.59,851242,2025-10-25T23:20:54.136909
AAPL,262.74,905457,2025-10-25T23:20:57.240538
GOOGL,259.91,528605,2025-10-25T23:20:57.332114
MSFT,523.50,492570,2025-10-25T23:20:57.420252
TSLA,433.59,851242,2025-10-25T23:20:57.514747
AAPL,262.74,905457,2025-10-25T23:21:00.668627
GOOGL,259.91,528605,2025-10-25T23:21:00.817469
MSFT,523.50,492570,2025-10-25T23:21:00.904413
TSLA,433.59,851242,2025-10-25T23:21:01.057279
AAPL,262.74,905457,2025-10-25T23:21:04.255791
GOOGL,259.91,528605,2025-10-25T23:21:04.358807
MSFT,523.50,492570,2025-10-25T23:21:04.558889
TSLA,433.59,851242,2025-10-25T23:21:04.654499
AAPL,262.74,905457,2025-10-25T23:21:07.758135
GOOGL,259.91,528605,2025-10-25T23:21:07.861554
MSFT,523.50,492570,2025-10-25T23:21:07.962494
TSLA,433.59,851242,2025-10-25T23:21:08.077384
AAPL,262.74,905457,2025-10-25T23:21:11.199695
GOOGL,259.91,528605,2025-10-25T23:21:11.421349
MSFT,523.50,492570,2025-10-25T23:21:11.511359
TSLA,433.59,851242,2025-10-25T23:21:11.730098
AAPL,262.74,905457,2025-10-25T23:21:14.924237
GOOGL,259.91,528605,2025-10-25T23:21:15.023966
MSFT,523.50,492570,2025-10-25T23:21:15.214368
TSLA,433.59,851242,2025-10-25T23:21:15.314349
AAPL,262.74,905457,2025-10-25T23:21:18.434931
GOOGL,259.91,528605,2025-10-25T23:21:18.532152
MSFT,523.50,492570,2025-10-25T23:21:18.641885
TSLA,433.59,851242,2025-10-25T23:21:18.737873
AAPL,262.74,905457,2025-10-25T23:21:21.866359
GOOGL,259.91,528605,2025-10-25T23:21:21.967302
MSFT,523.50,492570,2025-10-25T23:21:22.076832
TSLA,433.59,851242,2025-10-25T23:21:22.244473
AAPL,262.74,905457,2025-10-25T23:21:25.417830
GOOGL,259.91,528605,2025-10-25T23:21:25.578804
MSFT,523.50,492570,2025-10-25T23:21:25.753474
TSLA,433.59,851242,2025-10-25T23:21:25.854006
AAPL,262.74,905457,2025-10-25T23:21:29.035389
GOOGL,259.91,528605,2025-10-25T23:21:29.136463
MSFT,523.50,492570,2025-10-25T23:21:29.241319
TSLA,433.59,851242,2025-10-25T23:21:29.342111
AAPL,262.74,905457,2025-10-25T23:21:32.459681
GOOGL,259.91,528605,2025-10-25T23:21:32.557598
MSFT,523.50,492570,2025-10-25T23:21:32.654379
TSLA,433.59,851242,2025-10-25T23:21:32.925386
AAPL,262.74,905457,2025-10-25T23:21:36.104973
GOOGL,259.91,528605,2025-10-25T23:21:36.259131
MSFT,523.50,492570,2025-10-25T23:21:36.408161
TSLA,433.59,851242,2025-10-25T23:21:36.513684
AAPL,262.74,905457,2025-10-25T23:21:39.631028
GOOGL,259.91,528605,2025-10-25T23:21:39.731251
MSFT,523.50,492570,2025-10-25T23:21:39.817349
TSLA,433.59,851242,2025-10-25T23:21:39.911650
AAPL,262.74,905457,2025-10-25T23:21:43.054712
GOOGL,259.91,528605,2025-10-25T23:21:43.152597
MSFT,523.50,492570,2025-10-25T23:21:43.248135
TSLA,433.59,851242,2025-10-25T23:21:43.470898
AAPL,262.74,905457,2025-10-25T23:21:46.674130
GOOGL,259.91,528605,2025-10-25T23:21:46.835003
MSFT,523.50,492570,2025-10-25T23:21:46.923931
TSLA,433.59,851242,2025-10-25T23:21:47.022399
AAPL,262.74,905457,2025-10-25T23:21:50.138882
GOOGL,259.91,528605,2025-10-25T23:21:50.236588
MSFT,523.50,492570,2025-10-25T23:21:50.439059
TSLA,433.59,851242,2025-10-25T23:21:50.530801
AAPL,262.74,905457,2025-10-25T23:21:53.646791
GOOGL,259.91,528605,2025-10-25T23:21:53.744144
MSFT,523.50,492570,2025-10-25T23:21:53.849761
TSLA,433.59,851242,2025-10-25T23:21:53.944247
AAPL,262.74,905457,2025-10-25T23:21:57.206283
GOOGL,259.91,528605,2025-10-25T23:21:57.361525
MSFT,523.50,492570,2025-10-25T23:21:57.456034
TSLA,433.59,851242,2025-10-25T23:21:57.609064
AAPL,262.74,905457,2025-10-25T23:22:00.719486
GOOGL,259.91,528605,2025-10-25T23:22:00.829176
MSFT,523.50,492570,2025-10-25T23:22:00.983715
TSLA,433.59,851242,2025-10-25T23:22:01.077236
AAPL,262.74,905457,2025-10-25T23:22:04.172736
GOOGL,259.91,528605,2025-10-25T23:22:04.267462
MSFT,523.50,492570,2025-10-25T23:22:04.365324
TSLA,433.59,851242,2025-10-25T23:22:04.459733
AAPL,262.74,905457,2025-10-25T23:22:07.557811
GOOGL,259.91,528605,2025-10-25T23:22:07.711843
MSFT,523.50,492570,2025-10-25T23:22:07.798643
TSLA,433.59,851242,2025-10-25T23:22:07.886623
AAPL,262.74,905457,2025-10-25T23:22:11.065203
GOOGL,259.91,528605,2025-10-25T23:22:11.157693
MSFT,523.50,492570,2025-10-25T23:22:11.317291
TSLA,433.59,851242,2025-10-25T23:22:11.467363
AAPL,262.74,905457,2025-10-25T23:22:14.557917
GOOGL,259.91,528605,2025-10-25T23:22:14.657316
MSFT,523.50,492570,2025-10-25T23:22:14.749088
TSLA,433.59,851242,2025-10-25T23:22:14.897560
AAPL,262.74,905457,2025-10-25T23:22:18.010422
GOOGL,259.91,528605,2025-10-25T23:22:18.151888
MSFT,523.50,492570,2025-10-25T23:22:18.238857
TSLA,433.59,851242,2025-10-25T23:22:18.324686
AAPL,262.74,905457,2025-10-25T23:22:21.467093
GOOGL,259.91,528605,2025-10-25T23:22:21.560839
MSFT,523.50,492570,2025-10-25T23:22:21.646066
TSLA,433.59,851242,2025-10-25T23:22:21.733354
AAPL,262.74,905457,2025-10-25T23:22:24.835952
GOOGL,259.91,528605,2025-10-25T23:22:24.930281
MSFT,523.50,492570,2025-10-25T23:22:25.136594
TSLA,433.59,851242,2025-10-25T23:22:25.358674
AAPL,262.74,905457,2025-10-25T23:22:28.448388
GOOGL,259.91,528605,2025-10-25T23:22:28.595332
MSFT,523.50,492570,2025-10-25T23:22:28.684447
TSLA,433.59,851242,2025-10-25T23:22:28.779298
AAPL,262.74,905457,2025-10-25T23:22:31.883205
GOOGL,259.91,528605,2025-10-25T23:22:31.978042
MSFT,523.50,492570,2025-10-25T23:22:32.072418
TSLA,433.59,851242,2025-10-25T23:22:32.168409
AAPL,262.74,905457,2025-10-25T23:22:35.378225
GOOGL,259.91,528605,2025-10-25T23:22:35.475167
MSFT,523.50,492570,2025-10-25T23:22:35.681041
TSLA,433.59,851242,2025-10-25T23:22:35.779568
AAPL,262.74,905457,2025-10-25T23:22:38.889178
GOOGL,259.91,528605,2025-10-25T23:22:38.982895
MSFT,523.50,492570,2025-10-25T23:22:39.077586
TSLA,433.59,851242,2025-10-25T23:22:39.270846
AAPL,262.74,905457,2025-10-25T23:22:42.371417
GOOGL,259.91,528605,2025-10-25T23:22:42.519133
MSFT,523.50,492570,2025-10-25T23:22:42.614789
TSLA,433.59,851242,2025-10-25T23:22:42.713636
AAPL,262.74,905457,2025-10-25T23:22:45.918132
GOOGL,259.91,528605,2025-10-25T23:22:46.018190
MSFT,523.50,492570,2025-10-25T23:22:46.219205
TSLA,433.59,851242,2025-10-25T23:22:46.318697
AAPL,262.74,905457,2025-10-25T23:22:49.411475
GOOGL,259.91,528605,2025-10-25T23:22:49.518759
MSFT,523.50,492570,2025-10-25T23:22:49.614297
TSLA,433.59,851242,2025-10-25T23:22:49.707485
AAPL,262.74,905457,2025-10-25T23:22:52.806272
GOOGL,259.91,528605,2025-10-25T23:22:52.907830
MSFT,523.50,492570,2025-10-25T23:22:52.998566
TSLA,433.59,851242,2025-10-25T23:22:53.148670
AAPL,262.74,905457,2025-10-25T23:22:56.357456
GOOGL,259.91,528605,2025-10-25T23:22:56.561225
MSFT,523.50,492570,2025-10-25T23:22:56.658060
TSLA,433.59,851242,2025-10-25T23:22:56.759304
AAPL,262.74,905457,2025-10-25T23:22:59.881959
GOOGL,259.91,528605,2025-10-25T23:22:59.970195
MSFT,523.50,492570,2025-10-25T23:23:00.121430
TSLA,433.59,851242,2025-10-25T23:23:00.212825
AAPL,262.74,905457,2025-10-25T23:23:03.307014
GOOGL,259.91,528605,2025-10-25T23:23:03.399335
MSFT,523.50,492570,2025-10-25T23:23:03.499779
TSLA,433.59,851242,2025-10-25T23:23:03.601964
AAPL,262.74,905457,2025-10-25T23:23:06.702810
GOOGL,259.91,528605,2025-10-25T23:23:06.799858
MSFT,523.50,492570,2025-10-25T23:23:06.898434
TSLA,433.59,851242,2025-10-25T23:23:07.101573
AAPL,262.74,905457,2025-10-25T23:23:10.260372
GOOGL,259.91,528605,2025-10-25T23:23:10.420559
MSFT,523.50,492570,2025-10-25T23:23:10.511210
TSLA,433.59,851242,2025-10-25T23:23:10.616636
AAPL,262.74,905457,2025-10-25T23:23:13.725191
GOOGL,259.91,528605,2025-10-25T23:23:13.837873
MSFT,523.50,492570,2025-10-25T23:23:13.988600
TSLA,433.59,851242,2025-10-25T23:23:14.073802
AAPL,262.74,905457,2025-10-25T23:23:17.245340
GOOGL,259.91,528605,2025-10-25T23:23:17.340722
MSFT,523.50,492570,2025-10-25T23:23:17.441763
TSLA,433.59,851242,2025-10-25T23:23:17.538192
AAPL,262.74,905457,2025-10-25T23:23:20.715573
GOOGL,259.91,528605,2025-10-25T23:23:20.867478
MSFT,523.50,492570,2025-10-25T23:23:20.958770
TSLA,433.59,851242,2025-10-25T23:23:21.120275
AAPL,262.74,905457,2025-10-25T23:23:24.212931
GOOGL,259.91,528605,2025-10-25T23:23:24.299393
MSFT,523.50,492570,2025-10-25T23:23:24.438965
TSLA,433.59,851242,2025-10-25T23:23:24.533339
AAPL,262.74,905457,2025-10-25T23:23:27.681435
GOOGL,259.91,528605,2025-10-25T23:23:27.804607
MSFT,523.50,492570,2025-10-25T23:23:27.902727
TSLA,433.59,851242,2025-10-25T23:23:27.993538
AAPL,262.74,905457,2025-10-25T23:23:31.198393
GOOGL,259.91,528605,2025-10-25T23:23:31.365775
MSFT,523.50,492570,2025-10-25T23:23:31.455420
TSLA,433.59,851242,2025-10-25T23:23:31.611148
AAPL,262.74,905457,2025-10-25T23:23:34.718027
GOOGL,259.91,528605,2025-10-25T23:23:34.814887
MSFT,523.50,492570,2025-10-25T23:23:34.944397
TSLA,433.59,851242,2025-10-25T23:23:35.044885
AAPL,262.74,905457,2025-10-25T23:23:38.185178
GOOGL,259.91,528605,2025-10-25T23:23:38.284290
MSFT,523.50,492570,2025-10-25T23:23:38.471255
TSLA,433.59,851242,2025-10-25T23:23:38.565884
AAPL,262.74,905457,2025-10-25T23:23:41.844500
GOOGL,259.91,528605,2025-10-25T23:23:41.953956
MSFT,523.50,492570,2025-10-25T23:23:42.049153
TSLA,433.59,851242,2025-10-25T23:23:42.257977
AAPL,262.74,905457,2025-10-25T23:23:45.365844
GOOGL,259.91,528605,2025-10-25T23:23:45.528678
MSFT,523.50,492570,2025-10-25T23:23:45.631485
TSLA,433.59,851242,2025-10-25T23:23:45.726461
AAPL,262.74,905457,2025-10-25T23:23:48.854367
GOOGL,259.91,528605,2025-10-25T23:23:48.960494
MSFT,523.50,492570,2025-10-25T23:23:49.122499
TSLA,433.59,851242,2025-10-25T23:23:49.222156
AAPL,262.74,905457,2025-10-25T23:23:52.396569
GOOGL,259.91,528605,2025-10-25T23:23:52.487924
MSFT,523.50,492570,2025-10-25T23:23:52.573974
TSLA,433.59,851242,2025-10-25T23:23:52.664144
AAPL,262.74,905457,2025-10-25T23:23:55.873668
GOOGL,259.91,528605,2025-10-25T23:23:55.970914
MSFT,523.50,492570,2025-10-25T23:23:56.114964
TSLA,433.59,851242,2025-10-25T23:23:56.285719
AAPL,262.74,905457,2025-10-25T23:23:59.406693
GOOGL,259.91,528605,2025-10-25T23:23:59.666315
MSFT,523.50,492570,2025-10-25T23:23:59.866618
TSLA,433.59,851242,2025-10-25T23:24:00.017247
AAPL,262.74,905457,2025-10-25T23:24:03.246026
GOOGL,259.91,528605,2025-10-25T23:24:03.340891
MSFT,523.50,492570,2025-10-25T23:24:03.552903
TSLA,433.59,851242,2025-10-25T23:24:03.667118
AAPL,262.74,905457,2025-10-25T23:24:06.780453
GOOGL,259.91,528605,2025-10-25T23:24:06.879013
MSFT,523.50,492570,2025-10-25T23:24:06.969047
TSLA,433.59,851242,2025-10-25T23:24:07.138842
AAPL,262.74,905457,2025-10-25T23:24:10.255520
GOOGL,259.91,528605,2025-10-25T23:24:10.418504
MSFT,523.50,492570,2025-10-25T23:24:10.508970
TSLA,433.59,851242,2025-10-25T23:24:10.600386
AAPL,262.74,905457,2025-10-25T23:24:13.721370
GOOGL,259.91,528605,2025-10-25T23:24:13.814255
MSFT,523.50,492570,2025-10-25T23:24:13.918627
TSLA,433.59,851242,2025-10-25T23:24:14.023751
AAPL,262.74,905457,2025-10-25T23:24:17.280242
GOOGL,259.91,528605,2025-10-25T23:24:17.380971
MSFT,523.50,492570,2025-10-25T23:24:17.585325
TSLA,433.59,851242,2025-10-25T23:24:17.891017
AAPL,262.74,905457,2025-10-25T23:24:21.015996
GOOGL,259.91,528605,2025-10-25T23:24:21.167704
MSFT,523.50,492570,2025-10-25T23:24:21.277365
TSLA,433.59,851242,2025-10-25T23:24:21.371655
AAPL,262.74,905457,2025-10-25T23:24:24.557651
GOOGL,259.91,528605,2025-10-25T23:24:24.663710
MSFT,523.50,492570,2025-10-25T23:24:24.766720
TSLA,433.59,851242,2025-10-25T23:24:24.864107
AAPL,262.74,905457,2025-10-25T23:24:28.134729
GOOGL,259.91,528605,2025-10-25T23:24:28.227652
MSFT,523.50,492570,2025-10-25T23:24:28.437378
TSLA,433.59,851242,2025-10-25T23:24:28.620259
AAPL,262.74,905457,2025-10-25T23:24:31.737947
GOOGL,259.91,528605,2025-10-25T23:24:31.928249
MSFT,523.50,492570,2025-10-25T23:24:32.034533
TSLA,433.59,851242,2025-10-25T23:24:32.130752
AAPL,262.74,905457,2025-10-25T23:24:35.238855
GOOGL,259.91,528605,2025-10-25T23:24:35.338634
MSFT,523.50,492570,2025-10-25T23:24:35.432522
TSLA,433.59,851242,2025-10-25T23:24:35.530254
AAPL,262.74,905457,2025-10-25T23:24:39.196226
GOOGL,259.91,528605,2025-10-25T23:24:39.340208
MSFT,523.50,492570,2025-10-25T23:24:39.535307
TSLA,433.59,851242,2025-10-25T23:24:39.733017
AAPL,262.74,905457,2025-10-25T23:24:42.867378
GOOGL,259.91,528605,2025-10-25T23:24:43.028616
MSFT,523.50,492570,2025-10-25T23:24:43.128826
TSLA,433.59,851242,2025-10-25T23:24:43.218869
AAPL,262.74,905457,2025-10-25T23:24:46.314377
GOOGL,259.91,528605,2025-10-25T23:24:46.404618
MSFT,523.50,492570,2025-10-25T23:24:46.496278
TSLA,433.59,851242,2025-10-25T23:24:46.588454
AAPL,262.74,905457,2025-10-25T23:24:49.732094
GOOGL,259.91,528605,2025-10-25T23:24:49.830719
MSFT,523.50,492570,2025-10-25T23:24:49.924521
TSLA,433.59,851242,2025-10-25T23:24:50.083905
AAPL,262.74,905457,2025-10-25T23:24:53.199490
GOOGL,259.91,528605,2025-10-25T23:24:53.364864
MSFT,523.50,492570,2025-10-25T23:24:53.560102
TSLA,433.59,851242,2025-10-25T23:24:53.698138
AAPL,262.74,905457,2025-10-25T23:24:56.790834
GOOGL,259.91,528605,2025-10-25T23:24:56.883595
MSFT,523.50,492570,2025-10-25T23:24:56.971251
TSLA,433.59,851242,2025-10-25T23:24:57.060422
AAPL,262.74,905457,2025-10-25T23:25:00.318742
GOOGL,259.91,528605,2025-10-25T23:25:00.407474
MSFT,523.50,492570,2025-10-25T23:25:00.510488
TSLA,433.59,851242,2025-10-25T23:25:00.697769
AAPL,262.74,905457,2025-10-25T23:25:03.789334
GOOGL,259.91,528605,2025-10-25T23:25:03.911598
MSFT,523.50,492570,2025-10-25T23:25:04.064230
TSLA,433.59,851242,2025-10-25T23:25:04.151110
AAPL,262.74,905457,2025-10-25T23:25:07.238518
GOOGL,259.91,528605,2025-10-25T23:25:07.391533
MSFT,523.50,492570,2025-10-25T23:25:07.485098
TSLA,433.59,851242,2025-10-25T23:25:07.572725
AAPL,262.74,905457,2025-10-25T23:25:10.729211
GOOGL,259.91,528605,2025-10-25T23:25:10.826530
MSFT,523.50,492570,2025-10-25T23:25:10.924220
TSLA,433.59,851242,2025-10-25T23:25:11.084313
AAPL,262.74,905457,2025-10-25T23:25:14.175015
GOOGL,259.91,528605,2025-10-25T23:25:14.267193
MSFT,523.50,492570,2025-10-25T23:25:14.412196
TSLA,433.59,851242,2025-10-25T23:25:14.499722
AAPL,262.74,905457,2025-10-25T23:25:17.597188
GOOGL,259.91,528605,2025-10-25T23:25:17.684904
MSFT,523.50,492570,2025-10-25T23:25:17.766000
TSLA,433.59,851242,2025-10-25T23:25:17.850723
AAPL,262.74,905457,2025-10-25T23:25:20.955865
GOOGL,259.91,528605,2025-10-25T23:25:21.106803
MSFT,523.50,492570,2025-10-25T23:25:21.197331
TSLA,433.59,851242,2025-10-25T23:25:21.348757
AAPL,262.74,905457,2025-10-25T23:25:24.533364
GOOGL,259.91,528605,2025-10-25T23:25:24.619797
MSFT,523.50,492570,2025-10-25T23:25:24.701763
TSLA,433.59,851242,2025-10-25T23:25:24.795256
AAPL,262.74,905457,2025-10-25T23:25:27.903341
GOOGL,259.91,528605,2025-10-25T23:25:27.996260
MSFT,523.50,492570,2025-10-25T23:25:28.197936
TSLA,433.59,851242,2025-10-25T23:25:28.294280
AAPL,262.74,905457,2025-10-25T23:25:31.416242
GOOGL,259.91,528605,2025-10-25T23:25:31.565265
MSFT,523.50,492570,2025-10-25T23:25:31.654066
TSLA,433.59,851242,2025-10-25T23:25:31.747601
AAPL,262.74,905457,2025-10-25T23:25:34.854650
GOOGL,259.91,528605,2025-10-25T23:25:34.954683
MSFT,523.50,492570,2025-10-25T23:25:35.048781
TSLA,433.59,851242,2025-10-25T23:25:35.207557
AAPL,262.74,905457,2025-10-25T23:25:38.833892
GOOGL,259.91,528605,2025-10-25T23:25:38.921965
MSFT,523.50,492570,2025-10-25T23:25:39.072568
TSLA,433.59,851242,2025-10-25T23:25:39.166711
AAPL,262.74,905457,2025-10-25T23:25:42.280027
GOOGL,259.91,528605,2025-10-25T23:25:42.474698
MSFT,523.50,492570,2025-10-25T23:25:42.568988
TSLA,433.59,851242,2025-10-25T23:25:42.671988
AAPL,262.74,905457,2025-10-25T23:25:45.849108
GOOGL,259.91,528605,2025-10-25T23:25:45.935534
MSFT,523.50,492570,2025-10-25T23:25:46.026644
TSLA,433.59,851242,2025-10-25T23:25:46.261599
AAPL,262.74,905457,2025-10-25T23:25:49.466795
GOOGL,259.91,528605,2025-10-25T23:25:49.563914
MSFT,523.50,492570,2025-10-25T23:25:49.745621
TSLA,433.59,851242,2025-10-25T23:25:49.829623
AAPL,262.74,905457,2025-10-25T23:25:52.919755
GOOGL,259.91,528605,2025-10-25T23:25:53.124311
MSFT,523.50,492570,2025-10-25T23:25:53.214636
TSLA,433.59,851242,2025-10-25T23:25:53.304920
AAPL,262.74,905457,2025-10-25T23:25:56.417550
GOOGL,259.91,528605,2025-10-25T23:25:56.505528
MSFT,523.50,492570,2025-10-25T23:25:56.596776
TSLA,433.59,851242,2025-10-25T23:25:56.810769
AAPL,262.74,905457,2025-10-25T23:25:59.918336
GOOGL,259.91,528605,2025-10-25T23:26:00.015636
MSFT,523.50,492570,2025-10-25T23:26:00.190557
TSLA,433.59,851242,2025-10-25T23:26:00.299804
AAPL,262.74,905457,2025-10-25T23:26:03.467138
GOOGL,259.91,528605,2025-10-25T23:26:03.627226
MSFT,523.50,492570,2025-10-25T23:26:03.719879
TSLA,433.59,851242,2025-10-25T23:26:03.805362
AAPL,262.74,905457,2025-10-25T23:26:06.919193
GOOGL,259.91,528605,2025-10-25T23:26:07.020490
MSFT,523.50,492570,2025-10-25T23:26:07.113283
TSLA,433.59,851242,2025-10-25T23:26:07.358528
AAPL,262.74,905457,2025-10-25T23:26:10.538502
GOOGL,259.91,528605,2025-10-25T23:26:10.633863
MSFT,523.50,492570,2025-10-25T23:26:10.839072
TSLA,433.59,851242,2025-10-25T23:26:10.938616
AAPL,262.74,905457,2025-10-25T23:26:14.909991
GOOGL,259.91,528605,2025-10-25T23:26:15.071822
MSFT,523.50,492570,2025-10-25T23:26:15.175504
TSLA,433.59,851242,2025-10-25T23:26:15.754252
AAPL,262.74,905457,2025-10-25T23:26:18.860037
GOOGL,259.91,528605,2025-10-25T23:26:18.951507
MSFT,523.50,492570,2025-10-25T23:26:19.043686
TSLA,433.59,851242,2025-10-25T23:26:19.214837
AAPL,262.74,905457,2025-10-25T23:26:22.413488
GOOGL,259.91,528605,2025-10-25T23:26:22.629533
MSFT,523.50,492570,2025-10-25T23:26:22.827269
TSLA,433.59,851242,2025-10-25T23:26:22.921217
AAPL,262.74,905457,2025-10-25T23:26:26.244900
GOOGL,259.91,528605,2025-10-25T23:26:26.505284
MSFT,523.50,492570,2025-10-25T23:26:26.598776
TSLA,433.59,851242,2025-10-25T23:26:26.689683
AAPL,262.74,905457,2025-10-25T23:26:29.798954
GOOGL,259.91,528605,2025-10-25T23:26:29.899203
MSFT,523.50,492570,2025-10-25T23:26:29.997640
TSLA,433.59,851242,2025-10-25T23:26:30.196231
AAPL,262.74,905457,2025-10-25T23:26:33.367052
GOOGL,259.91,528605,2025-10-25T23:26:33.471725
MSFT,523.50,492570,2025-10-25T23:26:33.618976
TSLA,433.59,851242,2025-10-25T23:26:33.707213
AAPL,262.74,905457,2025-10-25T23:26:36.952544
GOOGL,259.91,528605,2025-10-25T23:26:37.108793
MSFT,523.50,492570,2025-10-25T23:26:37.197667
TSLA,433.59,851242,2025-10-25T23:26:37.315335
AAPL,262.74,905457,2025-10-25T23:26:40.414493
GOOGL,259.91,528605,2025-10-25T23:26:40.546213
MSFT,523.50,492570,2025-10-25T23:26:40.638960
TSLA,433.59,851242,2025-10-25T23:26:40.733322
AAPL,262.74,905457,2025-10-25T23:26:43.914056
GOOGL,259.91,528605,2025-10-25T23:26:44.008920
MSFT,523.50,492570,2025-10-25T23:26:44.224191
TSLA,433.59,851242,2025-10-25T23:26:44.378675
AAPL,262.74,905457,2025-10-25T23:26:47.600838
GOOGL,259.91,528605,2025-10-25T23:26:47.759231
MSFT,523.50,492570,2025-10-25T23:26:47.851992
TSLA,433.59,851242,2025-10-25T23:26:47.949403
AAPL,262.74,905457,2025-10-25T23:26:51.047722
GOOGL,259.91,528605,2025-10-25T23:26:51.140743
MSFT,523.50,492570,2025-10-25T23:26:51.231910
TSLA,433.59,851242,2025-10-25T23:26:51.324810
AAPL,262.74,905457,2025-10-25T23:26:54.443776
GOOGL,259.91,528605,2025-10-25T23:26:54.543919
MSFT,523.50,492570,2025-10-25T23:26:54.648699
TSLA,433.59,851242,2025-10-25T23:26:54.741628
AAPL,262.74,905457,2025-10-25T23:26:57.943663
GOOGL,259.91,528605,2025-10-25T23:26:58.147614
MSFT,523.50,492570,2025-10-25T23:26:58.304200
TSLA,433.59,851242,2025-10-25T23:26:58.461083
AAPL,262.74,905457,2025-10-25T23:27:01.650530
GOOGL,259.91,528605,2025-10-25T23:27:01.739856
MSFT,523.50,492570,2025-10-25T23:27:01.831259
TSLA,433.59,851242,2025-10-25T23:27:01.922764
AAPL,262.74,905457,2025-10-25T23:27:05.044831
GOOGL,259.91,528605,2025-10-25T23:27:05.143782
MSFT,523.50,492570,2025-10-25T23:27:05.242775
TSLA,433.59,851242,2025-10-25T23:27:05.336305
AAPL,262.74,905457,2025-10-25T23:27:08.490571
GOOGL,259.91,528605,2025-10-25T23:27:08.705525
MSFT,523.50,492570,2025-10-25T23:27:08.800250
TSLA,433.59,851242,2025-10-25T23:27:09.005583
AAPL,262.74,905457,2025-10-25T23:27:12.280341
GOOGL,259.91,528605,2025-10-25T23:27:12.378128
MSFT,523.50,492570,2025-10-25T23:27:12.587065
TSLA,433.59,851242,2025-10-25T23:27:12.679289
AAPL,262.74,905457,2025-10-25T23:27:15.803874
GOOGL,259.91,528605,2025-10-25T23:27:15.902551
MSFT,523.50,492570,2025-10-25T23:27:15.996353
TSLA,433.59,851242,2025-10-25T23:27:16.097892
AAPL,262.74,905457,2025-10-25T23:27:19.219215
GOOGL,259.91,528605,2025-10-25T23:27:19.447610
MSFT,523.50,492570,2025-10-25T23:27:19.541834
TSLA,433.59,851242,2025-10-25T23:27:19.758388
AAPL,262.74,905457,2025-10-25T23:27:22.902313
GOOGL,259.91,528605,2025-10-25T23:27:23.001968
MSFT,523.50,492570,2025-10-25T23:27:23.240960
TSLA,433.59,851242,2025-10-25T23:27:23.340704
AAPL,262.74,905457,2025-10-25T23:27:26.625793
GOOGL,259.91,528605,2025-10-25T23:27:26.722151
MSFT,523.50,492570,2025-10-25T23:27:26.816023
TSLA,433.59,851242,2025-10-25T23:27:26.909344
AAPL,262.74,905457,2025-10-25T23:27:30.020145
GOOGL,259.91,528605,2025-10-25T23:27:30.199734
MSFT,523.50,492570,2025-10-25T23:27:30.294755
TSLA,433.59,851242,2025-10-25T23:27:30.609070
AAPL,262.74,905457,2025-10-25T23:27:33.886279
GOOGL,259.91,528605,2025-10-25T23:27:33.977758
MSFT,523.50,492570,2025-10-25T23:27:34.196267
TSLA,433.59,851242,2025-10-25T23:27:34.301945
AAPL,262.74,905457,2025-10-25T23:27:37.649765
GOOGL,259.91,528605,2025-10-25T23:27:37.742047
MSFT,523.50,492570,2025-10-25T23:27:37.842986
TSLA,433.59,851242,2025-10-25T23:27:37.944557
AAPL,262.74,905457,2025-10-25T23:27:41.058570
GOOGL,259.91,528605,2025-10-25T23:27:41.262439
MSFT,523.50,492570,2025-10-25T23:27:41.356305
TSLA,433.59,851242,2025-10-25T23:27:41.567927
AAPL,262.74,905457,2025-10-25T23:27:44.675699
GOOGL,259.91,528605,2025-10-25T23:27:44.781962
MSFT,523.50,492570,2025-10-25T23:27:44.950206
TSLA,433.59,851242,2025-10-25T23:27:45.046650
AAPL,262.74,905457,2025-10-25T23:27:48.292677
GOOGL,259.91,528605,2025-10-25T23:27:48.388156
MSFT,523.50,492570,2025-10-25T23:27:48.480899
TSLA,433.59,851242,2025-10-25T23:27:48.577284
AAPL,262.74,905457,2025-10-25T23:27:51.811627
GOOGL,259.91,528605,2025-10-25T23:27:51.978063
MSFT,523.50,492570,2025-10-25T23:27:52.078457
TSLA,433.59,851242,2025-10-25T23:27:52.320782
AAPL,262.74,905457,2025-10-25T23:27:55.440309
GOOGL,259.91,528605,2025-10-25T23:27:55.532423
MSFT,523.50,492570,2025-10-25T23:27:55.697744
TSLA,433.59,851242,2025-10-25T23:27:55.792584
AAPL,262.74,905457,2025-10-25T23:27:58.912973
GOOGL,259.91,528605,2025-10-25T23:27:59.011188
MSFT,523.50,492570,2025-10-25T23:27:59.107480
TSLA,433.59,851242,2025-10-25T23:27:59.234643
AAPL,262.74,905457,2025-10-25T23:28:02.462551
GOOGL,259.91,528605,2025-10-25T23:28:02.623008
MSFT,523.50,492570,2025-10-25T23:28:02.726168
TSLA,433.59,851242,2025-10-25T23:28:02.819430
AAPL,262.74,905457,2025-10-25T23:28:06.039873
GOOGL,259.91,528605,2025-10-25T23:28:06.145890
MSFT,523.50,492570,2025-10-25T23:28:06.354228
TSLA,433.59,851242,2025-10-25T23:28:06.504745
AAPL,262.74,905457,2025-10-25T23:28:09.618912
GOOGL,259.91,528605,2025-10-25T23:28:09.718772
MSFT,523.50,492570,2025-10-25T23:28:09.827943
TSLA,433.59,851242,2025-10-25T23:28:09.929624
AAPL,262.74,905457,2025-10-25T23:28:13.178749
GOOGL,259.91,528605,2025-10-25T23:28:13.337780
MSFT,523.50,492570,2025-10-25T23:28:13.502961
TSLA,433.59,851242,2025-10-25T23:28:13.604158
AAPL,262.74,905457,2025-10-25T23:28:16.726807
GOOGL,259.91,528605,2025-10-25T23:28:16.821190
MSFT,523.50,492570,2025-10-25T23:28:16.912792
TSLA,433.59,851242,2025-10-25T23:28:17.196908
AAPL,262.74,905457,2025-10-25T23:28:20.333244
GOOGL,259.91,528605,2025-10-25T23:28:20.430290
MSFT,523.50,492570,2025-10-25T23:28:21.076198
TSLA,433.59,851242,2025-10-25T23:28:21.168039
AAPL,262.74,905457,2025-10-25T23:28:24.368668
GOOGL,259.91,528605,2025-10-25T23:28:24.543740
MSFT,523.50,492570,2025-10-25T23:28:24.634617
TSLA,433.59,851242,2025-10-25T23:28:24.728925
AAPL,262.74,905457,2025-10-25T23:28:27.953493
GOOGL,259.91,528605,2025-10-25T23:28:28.066211
MSFT,523.50,492570,2025-10-25T23:28:28.148390
TSLA,433.59,851242,2025-10-25T23:28:28.362931
AAPL,262.74,905457,2025-10-25T23:28:31.471562
GOOGL,259.91,528605,2025-10-25T23:28:31.557905
MSFT,523.50,492570,2025-10-25T23:28:31.745006
TSLA,433.59,851242,2025-10-25T23:28:31.831682
AAPL,262.74,905457,2025-10-25T23:28:35.019748
GOOGL,259.91,528605,2025-10-25T23:28:35.169300
MSFT,523.50,492570,2025-10-25T23:28:35.258626
TSLA,433.59,851242,2025-10-25T23:28:35.357114
AAPL,262.74,905457,2025-10-25T23:28:38.453893
GOOGL,259.91,528605,2025-10-25T23:28:38.546409
MSFT,523.50,492570,2025-10-25T23:28:38.638407
TSLA,433.59,851242,2025-10-25T23:28:38.733483
AAPL,262.74,905457,2025-10-25T23:28:41.879894
GOOGL,259.91,528605,2025-10-25T23:28:41.969707
MSFT,523.50,492570,2025-10-25T23:28:42.187361
TSLA,433.59,851242,2025-10-25T23:28:42.344625
AAPL,262.74,905457,2025-10-25T23:28:45.524564
GOOGL,259.91,528605,2025-10-25T23:28:45.671467
MSFT,523.50,492570,2025-10-25T23:28:45.764171
TSLA,433.59,851242,2025-10-25T23:28:45.854725
AAPL,262.74,905457,2025-10-25T23:28:49.047466
GOOGL,259.91,528605,2025-10-25T23:28:49.156645
MSFT,523.50,492570,2025-10-25T23:28:49.237623
TSLA,433.59,851242,2025-10-25T23:28:49.326945
AAPL,262.74,905457,2025-10-25T23:28:52.436444
GOOGL,259.91,528605,2025-10-25T23:28:52.532160
MSFT,523.50,492570,2025-10-25T23:28:52.734230
TSLA,433.59,851242,2025-10-25T23:28:52.818160
AAPL,262.74,905457,2025-10-25T23:28:55.916943
GOOGL,259.91,528605,2025-10-25T23:28:56.116039
MSFT,523.50,492570,2025-10-25T23:28:56.222497
TSLA,433.59,851242,2025-10-25T23:28:56.420800
AAPL,262.74,905457,2025-10-25T23:28:59.593606
GOOGL,259.91,528605,2025-10-25T23:28:59.684859
MSFT,523.50,492570,2025-10-25T23:28:59.767766
TSLA,433.59,851242,2025-10-25T23:28:59.860341
AAPL,262.74,905457,2025-10-25T23:29:02.976570
GOOGL,259.91,528605,2025-10-25T23:29:03.066722
MSFT,523.50,492570,2025-10-25T23:29:03.234732
TSLA,433.59,851242,2025-10-25T23:29:03.318173
AAPL,262.74,905457,2025-10-25T23:29:06.425055
GOOGL,259.91,528605,2025-10-25T23:29:06.660553
MSFT,523.50,492570,2025-10-25T23:29:06.744766
TSLA,433.59,851242,2025-10-25T23:29:06.837973
AAPL,262.74,905457,2025-10-25T23:29:09.944965
GOOGL,259.91,528605,2025-10-25T23:29:10.030347
MSFT,523.50,492570,2025-10-25T23:29:10.110958
TSLA,433.59,851242,2025-10-25T23:29:10.257109
AAPL,262.74,905457,2025-10-25T23:29:13.418742
GOOGL,259.91,528605,2025-10-25T23:29:13.545697
MSFT,523.50,492570,2025-10-25T23:29:13.628673
TSLA,433.59,851242,2025-10-25T23:29:13.722432
AAPL,262.74,905457,2025-10-25T23:29:16.836544
GOOGL,259.91,528605,2025-10-25T23:29:16.919995
MSFT,523.50,492570,2025-10-25T23:29:17.106135
TSLA,433.59,851242,2025-10-25T23:29:17.192677
AAPL,262.74,905457,2025-10-25T23:29:20.293522
GOOGL,259.91,528605,2025-10-25T23:29:20.436923
MSFT,523.50,492570,2025-10-25T23:29:20.521706
TSLA,433.59,851242,2025-10-25T23:29:20.689757
AAPL,262.74,905457,2025-10-25T23:29:23.864973
GOOGL,259.91,528605,2025-10-25T23:29:23.965222
MSFT,523.50,492570,2025-10-25T23:29:24.059221
TSLA,433.59,851242,2025-10-25T23:29:24.148471
AAPL,262.74,905457,2025-10-25T23:29:27.412663
GOOGL,259.91,528605,2025-10-25T23:29:27.503420
MSFT,523.50,492570,2025-10-25T23:29:27.667445
TSLA,433.59,851242,2025-10-25T23:29:27.758174
AAPL,262.74,905457,2025-10-25T23:29:30.874117
GOOGL,259.91,528605,2025-10-25T23:29:30.968165
MSFT,523.50,492570,2025-10-25T23:29:31.057176
TSLA,433.59,851242,2025-10-25T23:29:31.237708
AAPL,262.74,905457,2025-10-25T23:29:34.329294
GOOGL,259.91,528605,2025-10-25T23:29:34.513562
MSFT,523.50,492570,2025-10-25T23:29:34.627221
TSLA,433.59,851242,2025-10-25T23:29:34.715341
AAPL,262.74,905457,2025-10-25T23:29:37.892253
GOOGL,259.91,528605,2025-10-25T23:29:37.980236
MSFT,523.50,492570,2025-10-25T23:29:38.199502
TSLA,433.59,851242,2025-10-25T23:29:38.283941
AAPL,262.74,905457,2025-10-25T23:29:41.395435
GOOGL,259.91,528605,2025-10-25T23:29:41.484264
MSFT,523.50,492570,2025-10-25T23:29:41.573073
TSLA,433.59,851242,2025-10-25T23:29:41.677551
AAPL,262.74,905457,2025-10-25T23:29:44.793667
GOOGL,259.91,528605,2025-10-25T23:29:44.880807
MSFT,523.50,492570,2025-10-25T23:29:44.968688
TSLA,433.59,851242,2025-10-25T23:29:45.163244
AAPL,262.74,905457,2025-10-25T23:29:48.341529
GOOGL,259.91,528605,2025-10-25T23:29:48.483283
MSFT,523.50,492570,2025-10-25T23:29:48.627857
TSLA,433.59,851242,2025-10-25T23:29:48.719621
AAPL,262.74,905457,2025-10-25T23:29:51.814203
GOOGL,259.91,528605,2025-10-25T23:29:51.921470
MSFT,523.50,492570,2025-10-25T23:29:52.002308
TSLA,433.59,851242,2025-10-25T23:29:52.092399
AAPL,262.74,905457,2025-10-25T23:29:55.213371
GOOGL,259.91,528605,2025-10-25T23:29:55.294931
MSFT,523.50,492570,2025-10-25T23:29:55.379807
TSLA,433.59,851242,2025-10-25T23:29:55.734499
AAPL,262.74,905457,2025-10-25T23:29:58.833273
GOOGL,259.91,528605,2025-10-25T23:29:58.943423
MSFT,523.50,492570,2025-10-25T23:29:59.092688
TSLA,433.59,851242,2025-10-25T23:29:59.178901
AAPL,262.74,905457,2025-10-25T23:30:02.366429
GOOGL,259.91,528605,2025-10-25T23:30:02.509134
MSFT,523.50,492570,2025-10-25T23:30:02.598231
TSLA,433.59,851242,2025-10-25T23:30:02.690033
AAPL,262.74,905457,2025-10-25T23:30:05.794307
GOOGL,259.91,528605,2025-10-25T23:30:05.880559
MSFT,523.50,492570,2025-10-25T23:30:06.051136
TSLA,433.59,851242,2025-10-25T23:30:06.256925
AAPL,262.74,905457,2025-10-25T23:30:09.373473
GOOGL,259.91,528605,2025-10-25T23:30:09.464235
MSFT,523.50,492570,2025-10-25T23:30:09.637062
TSLA,433.59,851242,2025-10-25T23:30:09.725474
AAPL,262.74,905457,2025-10-25T23:30:12.825013
GOOGL,259.91,528605,2025-10-25T23:30:12.915628
MSFT,523.50,492570,2025-10-25T23:30:12.995114
TSLA,433.59,851242,2025-10-25T23:30:13.079432
AAPL,262.74,905457,2025-10-25T23:30:16.291672
GOOGL,259.91,528605,2025-10-25T23:30:16.497711
MSFT,523.50,492570,2025-10-25T23:30:16.583703
TSLA,433.59,851242,2025-10-25T23:30:16.810023
AAPL,262.74,905457,2025-10-25T23:30:19.934283
GOOGL,259.91,528605,2025-10-25T23:30:20.039632
MSFT,523.50,492570,2025-10-25T23:30:20.189795
TSLA,433.59,851242,2025-10-25T23:30:20.279677
AAPL,262.74,905457,2025-10-25T23:30:23.396491
GOOGL,259.91,528605,2025-10-25T23:30:23.488663
MSFT,523.50,492570,2025-10-25T23:30:23.586944
TSLA,433.59,851242,2025-10-25T23:30:23.679303
AAPL,262.74,905457,2025-10-25T23:30:26.942973
GOOGL,259.91,528605,2025-10-25T23:30:27.147288
MSFT,523.50,492570,2025-10-25T23:30:27.236687
TSLA,433.59,851242,2025-10-25T23:30:27.457532
AAPL,262.74,905457,2025-10-25T23:30:30.629165
GOOGL,259.91,528605,2025-10-25T23:30:30.716165
MSFT,523.50,492570,2025-10-25T23:30:30.936575
TSLA,433.59,851242,2025-10-25T23:30:31.029374
AAPL,262.74,905457,2025-10-25T23:30:34.125772
GOOGL,259.91,528605,2025-10-25T23:30:34.210029
MSFT,523.50,492570,2025-10-25T23:30:34.293257
TSLA,433.59,851242,2025-10-25T23:30:34.385456
AAPL,262.74,905457,2025-10-25T23:30:37.497031
GOOGL,259.91,528605,2025-10-25T23:30:37.698899
MSFT,523.50,492570,2025-10-25T23:30:37.845541
TSLA,433.59,851242,2025-10-25T23:30:38.006382
AAPL,262.74,905457,2025-10-25T23:30:41.202727
GOOGL,259.91,528605,2025-10-25T23:30:41.293669
MSFT,523.50,492570,2025-10-25T23:30:41.487520
TSLA,433.59,851242,2025-10-25T23:30:41.581729
AAPL,262.74,905457,2025-10-25T23:30:44.696095
GOOGL,259.91,528605,2025-10-25T23:30:44.778647
MSFT,523.50,492570,2025-10-25T23:30:44.868215
TSLA,433.59,851242,2025-10-25T23:30:44.952973
AAPL,262.74,905457,2025-10-25T23:30:48.093769
GOOGL,259.91,528605,2025-10-25T23:30:48.244722
MSFT,523.50,492570,2025-10-25T23:30:48.332752
TSLA,433.59,851242,2025-10-25T23:30:48.548729
AAPL,262.74,905457,2025-10-25T23:30:51.644519
GOOGL,259.91,528605,2025-10-25T23:30:51.742424
MSFT,523.50,492570,2025-10-25T23:30:51.831539
TSLA,433.59,851242,2025-10-25T23:30:51.916607
AAPL,262.74,905457,2025-10-25T23:30:55.105844
GOOGL,259.91,528605,2025-10-25T23:30:55.197480
MSFT,523.50,492570,2025-10-25T23:30:55.409036
TSLA,433.59,851242,2025-10-25T23:30:55.493147
AAPL,262.74,905457,2025-10-25T23:30:58.595663
GOOGL,259.91,528605,2025-10-25T23:30:58.680132
MSFT,523.50,492570,2025-10-25T23:30:58.766444
TSLA,433.59,851242,2025-10-25T23:30:58.854543
AAPL,262.74,905457,2025-10-25T23:31:01.957200
GOOGL,259.91,528605,2025-10-25T23:31:02.167614
MSFT,523.50,492570,2025-10-25T23:31:02.257720
TSLA,433.59,851242,2025-10-25T23:31:02.476468
AAPL,262.74,905457,2025-10-25T23:31:05.649008
GOOGL,259.91,528605,2025-10-25T23:31:05.733874
MSFT,523.50,492570,2025-10-25T23:31:05.818838
TSLA,433.59,851242,2025-10-25T23:31:05.908985
AAPL,262.74,905457,2025-10-25T23:31:09.016954
GOOGL,259.91,528605,2025-10-25T23:31:09.105245
MSFT,523.50,492570,2025-10-25T23:31:09.344525
TSLA,433.59,851242,2025-10-25T23:31:09.428178
AAPL,262.74,905457,2025-10-25T23:31:12.559703
GOOGL,259.91,528605,2025-10-25T23:31:12.714062
MSFT,523.50,492570,2025-10-25T23:31:12.803653
TSLA,433.59,851242,2025-10-25T23:31:12.891959
AAPL,262.74,905457,2025-10-25T23:31:16.070940
GOOGL,259.91,528605,2025-10-25T23:31:16.159526
MSFT,523.50,492570,2025-10-25T23:31:16.244394
TSLA,433.59,851242,2025-10-25T23:31:16.404894
AAPL,262.74,905457,2025-10-25T23:31:19.516087
GOOGL,259.91,528605,2025-10-25T23:31:19.607383
MSFT,523.50,492570,2025-10-25T23:31:19.692070
TSLA,433.59,851242,2025-10-25T23:31:19.780874
AAPL,262.74,905457,2025-10-25T23:31:22.895505
GOOGL,259.91,528605,2025-10-25T23:31:22.985536
MSFT,523.50,492570,2025-10-25T23:31:23.159727
TSLA,433.59,851242,2025-10-25T23:31:23.247576
AAPL,262.74,905457,2025-10-25T23:31:26.437674
GOOGL,259.91,528605,2025-10-25T23:31:26.586346
MSFT,523.50,492570,2025-10-25T23:31:26.713807
TSLA,433.59,851242,2025-10-25T23:31:26.798769
AAPL,262.74,905457,2025-10-25T23:31:29.970916
GOOGL,259.91,528605,2025-10-25T23:31:30.064250
MSFT,523.50,492570,2025-10-25T23:31:30.154375
TSLA,433.59,851242,2025-10-25T23:31:30.327833
AAPL,262.74,905457,2025-10-25T23:31:33.434898
GOOGL,259.91,528605,2025-10-25T23:31:33.526050
MSFT,523.50,492570,2025-10-25T23:31:33.608264
TSLA,433.59,851242,2025-10-25T23:31:33.695236
AAPL,262.74,905457,2025-10-25T23:31:36.815660
GOOGL,259.91,528605,2025-10-25T23:31:36.949026
MSFT,523.50,492570,2025-10-25T23:31:37.094304
TSLA,433.59,851242,2025-10-25T23:31:37.174536
AAPL,262.74,905457,2025-10-25T23:31:40.362491
GOOGL,259.91,528605,2025-10-25T23:31:40.511284
MSFT,523.50,492570,2025-10-25T23:31:40.593899
TSLA,433.59,851242,2025-10-25T23:31:40.680544
AAPL,262.74,905457,2025-10-25T23:31:43.793492
GOOGL,259.91,528605,2025-10-25T23:31:43.907694
MSFT,523.50,492570,2025-10-25T23:31:43.996120
TSLA,433.59,851242,2025-10-25T23:31:44.151791
AAPL,262.74,905457,2025-10-25T23:31:47.329796
GOOGL,259.91,528605,2025-10-25T23:31:47.421754
MSFT,523.50,492570,2025-10-25T23:31:47.637095
TSLA,433.59,851242,2025-10-25T23:31:47.743887
AAPL,262.74,905457,2025-10-25T23:31:50.913415
GOOGL,259.91,528605,2025-10-25T23:31:51.066940
MSFT,523.50,492570,2025-10-25T23:31:51.158291
TSLA,433.59,851242,2025-10-25T23:31:51.247876
AAPL,262.74,905457,2025-10-25T23:31:54.338390
GOOGL,259.91,528605,2025-10-25T23:31:54.432245
MSFT,523.50,492570,2025-10-25T23:31:54.520640
TSLA,433.59,851242,2025-10-25T23:31:54.604702
AAPL,262.74,905457,2025-10-25T23:31:57.712480
GOOGL,259.91,528605,2025-10-25T23:31:57.802853
MSFT,523.50,492570,2025-10-25T23:31:57.885110
TSLA,433.59,851242,2025-10-25T23:31:58.082202
AAPL,262.74,905457,2025-10-25T23:32:01.299145
GOOGL,259.91,528605,2025-10-25T23:32:01.451473
MSFT,523.50,492570,2025-10-25T23:32:01.613892
TSLA,433.59,851242,2025-10-25T23:32:01.726432
AAPL,262.74,905457,2025-10-25T23:32:04.835625
GOOGL,259.91,528605,2025-10-25T23:32:04.925218
MSFT,523.50,492570,2025-10-25T23:32:05.013904
TSLA,433.59,851242,2025-10-25T23:32:05.099097
AAPL,262.74,905457,2025-10-25T23:32:08.320180
GOOGL,259.91,528605,2025-10-25T23:32:08.417779
MSFT,523.50,492570,2025-10-25T23:32:08.512289
TSLA,433.59,851242,2025-10-25T23:32:08.825398
AAPL,262.74,905457,2025-10-25T23:32:12.017490
GOOGL,259.91,528605,2025-10-25T23:32:12.213301
MSFT,523.50,492570,2025-10-25T23:32:12.359119
TSLA,433.59,851242,2025-10-25T23:32:12.444241
AAPL,262.74,905457,2025-10-25T23:32:15.702554
GOOGL,259.91,528605,2025-10-25T23:32:15.792582
MSFT,523.50,492570,2025-10-25T23:32:15.903355
TSLA,433.59,851242,2025-10-25T23:32:15.997546
AAPL,262.74,905457,2025-10-25T23:32:19.165294
GOOGL,259.91,528605,2025-10-25T23:32:19.268358
MSFT,523.50,492570,2025-10-25T23:32:19.365345
TSLA,433.59,851242,2025-10-25T23:32:19.584824
AAPL,262.74,905457,2025-10-25T23:32:22.698571
GOOGL,259.91,528605,2025-10-25T23:32:22.858364
MSFT,523.50,492570,2025-10-25T23:32:22.972198
TSLA,433.59,851242,2025-10-25T23:32:23.069219
AAPL,262.74,905457,2025-10-25T23:32:26.239888
GOOGL,259.91,528605,2025-10-25T23:32:26.329889
MSFT,523.50,492570,2025-10-25T23:32:26.548589
TSLA,433.59,851242,2025-10-25T23:32:26.638029
AAPL,262.74,905457,2025-10-25T23:32:29.805181
GOOGL,259.91,528605,2025-10-25T23:32:29.906343
MSFT,523.50,492570,2025-10-25T23:32:30.004627
TSLA,433.59,851242,2025-10-25T23:32:30.239953
AAPL,262.74,905457,2025-10-25T23:32:33.358133
GOOGL,259.91,528605,2025-10-25T23:32:33.568789
MSFT,523.50,492570,2025-10-25T23:32:33.662615
TSLA,433.59,851242,2025-10-25T23:32:33.785539
AAPL,262.74,905457,2025-10-25T23:32:36.893271
GOOGL,259.91,528605,2025-10-25T23:32:37.040426
MSFT,523.50,492570,2025-10-25T23:32:37.196299
TSLA,433.59,851242,2025-10-25T23:32:37.291240
AAPL,262.74,905457,2025-10-25T23:32:40.641711
GOOGL,259.91,528605,2025-10-25T23:32:40.730368
MSFT,523.50,492570,2025-10-25T23:32:40.819994
TSLA,433.59,851242,2025-10-25T23:32:41.083865
AAPL,262.74,905457,2025-10-25T23:32:44.183853
GOOGL,259.91,528605,2025-10-25T23:32:44.362692
MSFT,523.50,492570,2025-10-25T23:32:44.451008
TSLA,433.59,851242,2025-10-25T23:32:44.534653
AAPL,262.74,905457,2025-10-25T23:32:47.742743
GOOGL,259.91,528605,2025-10-25T23:32:47.828636
MSFT,523.50,492570,2025-10-25T23:32:48.048672
TSLA,433.59,851242,2025-10-25T23:32:48.135329
AAPL,262.74,905457,2025-10-25T23:32:51.395102
GOOGL,259.91,528605,2025-10-25T23:32:51.483808
MSFT,523.50,492570,2025-10-25T23:32:51.573230
TSLA,433.59,851242,2025-10-25T23:32:51.738575
AAPL,262.74,905457,2025-10-25T23:32:54.856064
GOOGL,259.91,528605,2025-10-25T23:32:54.992672
MSFT,523.50,492570,2025-10-25T23:32:55.084934
TSLA,433.59,851242,2025-10-25T23:32:55.181181
AAPL,262.74,905457,2025-10-25T23:32:58.296986
GOOGL,259.91,528605,2025-10-25T23:32:58.499858
MSFT,523.50,492570,2025-10-25T23:32:58.640615
TSLA,433.59,851242,2025-10-25T23:32:58.727938
AAPL,262.74,905457,2025-10-25T23:33:01.872822
GOOGL,259.91,528605,2025-10-25T23:33:01.970473
MSFT,523.50,492570,2025-10-25T23:33:02.054127
TSLA,433.59,851242,2025-10-25T23:33:03.173764
AAPL,262.74,905457,2025-10-25T23:33:06.331856
GOOGL,259.91,528605,2025-10-25T23:33:06.433035
MSFT,523.50,492570,2025-10-25T23:33:06.523703
TSLA,433.59,851242,2025-10-25T23:33:06.613863
AAPL,262.74,905457,2025-10-25T23:33:09.742445
GOOGL,259.91,528605,2025-10-25T23:33:09.962821
MSFT,523.50,492570,2025-10-25T23:33:10.108379
TSLA,433.59,851242,2025-10-25T23:33:10.371803
AAPL,262.74,905457,2025-10-25T23:33:13.546706
GOOGL,259.91,528605,2025-10-25T23:33:13.629440
MSFT,523.50,492570,2025-10-25T23:33:13.718994
TSLA,433.59,851242,2025-10-25T23:33:13.865212
AAPL,262.74,905457,2025-10-25T23:33:17.049341
GOOGL,259.91,528605,2025-10-25T23:33:17.139789
MSFT,523.50,492570,2025-10-25T23:33:17.224869
TSLA,433.59,851242,2025-10-25T23:33:17.322017
AAPL,262.74,905457,2025-10-25T23:33:20.612020
GOOGL,259.91,528605,2025-10-25T23:33:20.752371
MSFT,523.50,492570,2025-10-25T23:33:20.944473
TSLA,433.59,851242,2025-10-25T23:33:21.105646
AAPL,262.74,905457,2025-10-25T23:33:24.298161
GOOGL,259.91,528605,2025-10-25T23:33:24.423706
MSFT,523.50,492570,2025-10-25T23:33:24.511031
TSLA,433.59,851242,2025-10-25T23:33:24.710787
AAPL,262.74,905457,2025-10-25T23:33:27.878944
GOOGL,259.91,528605,2025-10-25T23:33:27.967829
MSFT,523.50,492570,2025-10-25T23:33:28.063812
TSLA,433.59,851242,2025-10-25T23:33:28.195802
AAPL,262.74,905457,2025-10-25T23:33:31.346020
GOOGL,259.91,528605,2025-10-25T23:33:31.570453
MSFT,523.50,492570,2025-10-25T23:33:31.744671
TSLA,433.59,851242,2025-10-25T23:33:31.845020
AAPL,262.74,905457,2025-10-25T23:33:34.953582
GOOGL,259.91,528605,2025-10-25T23:33:35.052222
MSFT,523.50,492570,2025-10-25T23:33:35.145342
TSLA,433.59,851242,2025-10-25T23:33:35.308097
AAPL,262.74,905457,2025-10-25T23:33:38.494592
GOOGL,259.91,528605,2025-10-25T23:33:38.580721
MSFT,523.50,492570,2025-10-25T23:33:38.673171
TSLA,433.59,851242,2025-10-25T23:33:38.763935
AAPL,262.74,905457,2025-10-25T23:33:41.885809
GOOGL,259.91,528605,2025-10-25T23:33:41.988955
MSFT,523.50,492570,2025-10-25T23:33:42.222177
TSLA,433.59,851242,2025-10-25T23:33:42.320650
AAPL,262.74,905457,2025-10-25T23:33:45.433355
GOOGL,259.91,528605,2025-10-25T23:33:45.597284
MSFT,523.50,492570,2025-10-25T23:33:45.691514
TSLA,433.59,851242,2025-10-25T23:33:45.783094
AAPL,262.74,905457,2025-10-25T23:33:48.895032
GOOGL,259.91,528605,2025-10-25T23:33:48.990127
MSFT,523.50,492570,2025-10-25T23:33:49.078345
TSLA,433.59,851242,2025-10-25T23:33:49.283614
AAPL,262.74,905457,2025-10-25T23:33:52.560207
GOOGL,259.91,528605,2025-10-25T23:33:52.655240
MSFT,523.50,492570,2025-10-25T23:33:52.867956
TSLA,433.59,851242,2025-10-25T23:33:52.957508
AAPL,262.74,905457,2025-10-25T23:33:56.048578
GOOGL,259.91,528605,2025-10-25T23:33:56.247147
MSFT,523.50,492570,2025-10-25T23:33:56.331415
TSLA,433.59,851242,2025-10-25T23:33:56.469045
AAPL,262.74,905457,2025-10-25T23:33:59.630688
GOOGL,259.91,528605,2025-10-25T23:33:59.723013
MSFT,523.50,492570,2025-10-25T23:33:59.809310
TSLA,433.59,851242,2025-10-25T23:34:00.043365
AAPL,262.74,905457,2025-10-25T23:34:03.214098
GOOGL,259.91,528605,2025-10-25T23:34:03.312495
MSFT,523.50,492570,2025-10-25T23:34:03.524292
TSLA,433.59,851242,2025-10-25T23:34:03.616081
AAPL,262.74,905457,2025-10-25T23:34:06.734961
GOOGL,259.91,528605,2025-10-25T23:34:06.836234
MSFT,523.50,492570,2025-10-25T23:34:06.928359
TSLA,433.59,851242,2025-10-25T23:34:07.017387
AAPL,262.74,905457,2025-10-25T23:34:10.133991
GOOGL,259.91,528605,2025-10-25T23:34:10.281159
MSFT,523.50,492570,2025-10-25T23:34:10.367700
TSLA,433.59,851242,2025-10-25T23:34:10.512897
AAPL,262.74,905457,2025-10-25T23:34:13.665555
GOOGL,259.91,528605,2025-10-25T23:34:13.756359
MSFT,523.50,492570,2025-10-25T23:34:13.849055
TSLA,433.59,851242,2025-10-25T23:34:13.934459
AAPL,262.74,905457,2025-10-25T23:34:17.136595
GOOGL,259.91,528605,2025-10-25T23:34:17.231787
MSFT,523.50,492570,2025-10-25T23:34:17.443977
TSLA,433.59,851242,2025-10-25T23:34:17.528703
AAPL,262.74,905457,2025-10-25T23:34:20.630630
GOOGL,259.91,528605,2025-10-25T23:34:20.720658
MSFT,523.50,492570,2025-10-25T23:34:20.805302
TSLA,433.59,851242,2025-10-25T23:34:20.895212
AAPL,262.74,905457,2025-10-25T23:34:24.015858
GOOGL,259.91,528605,2025-10-25T23:34:24.207642
MSFT,523.50,492570,2025-10-25T23:34:24.301269
TSLA,433.59,851242,2025-10-25T23:34:24.519874
AAPL,262.74,905457,2025-10-25T23:34:27.691165
GOOGL,259.91,528605,2025-10-25T23:34:27.777461
MSFT,523.50,492570,2025-10-25T23:34:27.990889
TSLA,433.59,851242,2025-10-25T23:34:28.072839
AAPL,262.74,905457,2025-10-25T23:34:31.176142
GOOGL,259.91,528605,2025-10-25T23:34:31.270512
MSFT,523.50,492570,2025-10-25T23:34:31.355840
TSLA,433.59,851242,2025-10-25T23:34:31.451739
AAPL,262.74,905457,2025-10-25T23:34:34.576217
GOOGL,259.91,528605,2025-10-25T23:34:34.755408
MSFT,523.50,492570,2025-10-25T23:34:34.847522
TSLA,433.59,851242,2025-10-25T23:34:34.937496
AAPL,262.74,905457,2025-10-25T23:34:38.128552
GOOGL,259.91,528605,2025-10-25T23:34:38.222498
MSFT,523.50,492570,2025-10-25T23:34:38.370138
TSLA,433.59,851242,2025-10-25T23:34:38.513453
AAPL,262.74,905457,2025-10-25T23:34:41.623014
GOOGL,259.91,528605,2025-10-25T23:34:41.721821
MSFT,523.50,492570,2025-10-25T23:34:41.830764
TSLA,433.59,851242,2025-10-25T23:34:41.919371
AAPL,262.74,905457,2025-10-25T23:34:45.044013
GOOGL,259.91,528605,2025-10-25T23:34:45.191525
MSFT,523.50,492570,2025-10-25T23:34:45.277846
TSLA,433.59,851242,2025-10-25T23:34:45.368792
AAPL,262.74,905457,2025-10-25T23:34:48.576896
GOOGL,259.91,528605,2025-10-25T23:34:48.665152
MSFT,523.50,492570,2025-10-25T23:34:48.752195
TSLA,433.59,851242,2025-10-25T23:34:48.836879
AAPL,262.74,905457,2025-10-25T23:34:51.933252
GOOGL,259.91,528605,2025-10-25T23:34:52.025255
MSFT,523.50,492570,2025-10-25T23:34:52.260165
TSLA,433.59,851242,2025-10-25T23:34:52.765618
AAPL,262.74,905457,2025-10-25T23:34:55.902752
GOOGL,259.91,528605,2025-10-25T23:34:56.050542
MSFT,523.50,492570,2025-10-25T23:34:56.139545
TSLA,433.59,851242,2025-10-25T23:34:56.230535
AAPL,262.74,905457,2025-10-25T23:34:59.427478
GOOGL,259.91,528605,2025-10-25T23:34:59.524885
MSFT,523.50,492570,2025-10-25T23:34:59.618202
TSLA,433.59,851242,2025-10-25T23:34:59.837335
AAPL,262.74,905457,2025-10-25T23:35:03.005436
GOOGL,259.91,528605,2025-10-25T23:35:03.106249
MSFT,523.50,492570,2025-10-25T23:35:03.318559
TSLA,433.59,851242,2025-10-25T23:35:03.632683
AAPL,262.74,905457,2025-10-25T23:35:06.744781
GOOGL,259.91,528605,2025-10-25T23:35:07.008884
MSFT,523.50,492570,2025-10-25T23:35:07.095701
TSLA,433.59,851242,2025-10-25T23:35:07.186591
AAPL,262.74,905457,2025-10-25T23:35:10.383948
GOOGL,259.91,528605,2025-10-25T23:35:10.477002
MSFT,523.50,492570,2025-10-25T23:35:10.560902
TSLA,433.59,851242,2025-10-25T23:35:10.653156
AAPL,262.74,905457,2025-10-25T23:35:13.774534
GOOGL,259.91,528605,2025-10-25T23:35:13.871170
MSFT,523.50,492570,2025-10-25T23:35:13.956658
TSLA,433.59,851242,2025-10-25T23:35:14.173025
AAPL,262.74,905457,2025-10-25T23:35:17.292328
GOOGL,259.91,528605,2025-10-25T23:35:17.450781
MSFT,523.50,492570,2025-10-25T23:35:17.596301
TSLA,433.59,851242,2025-10-25T23:35:17.687703
AAPL,262.74,905457,2025-10-25T23:35:20.914190
GOOGL,259.91,528605,2025-10-25T23:35:21.006127
MSFT,523.50,492570,2025-10-25T23:35:21.107080
TSLA,433.59,851242,2025-10-25T23:35:21.201483
AAPL,262.74,905457,2025-10-25T23:35:24.295376
GOOGL,259.91,528605,2025-10-25T23:35:24.386039
MSFT,523.50,492570,2025-10-25T23:35:24.486410
TSLA,433.59,851242,2025-10-25T23:35:24.722307
AAPL,262.74,905457,2025-10-25T23:35:27.834108
GOOGL,259.91,528605,2025-10-25T23:35:27.924003
MSFT,523.50,492570,2025-10-25T23:35:28.099426
TSLA,433.59,851242,2025-10-25T23:35:28.192856
AAPL,262.74,905457,2025-10-25T23:35:31.385795
GOOGL,259.91,528605,2025-10-25T23:35:31.538674
MSFT,523.50,492570,2025-10-25T23:35:31.626890
TSLA,433.59,851242,2025-10-25T23:35:31.720435
AAPL,262.74,905457,2025-10-25T23:35:34.832810
GOOGL,259.91,528605,2025-10-25T23:35:34.964032
MSFT,523.50,492570,2025-10-25T23:35:35.053996
TSLA,433.59,851242,2025-10-25T23:35:35.268328
AAPL,262.74,905457,2025-10-25T23:35:38.357843
GOOGL,259.91,528605,2025-10-25T23:35:38.454991
MSFT,523.50,492570,2025-10-25T23:35:38.645750
TSLA,433.59,851242,2025-10-25T23:35:39.055037
AAPL,262.74,905457,2025-10-25T23:35:42.396723
GOOGL,259.91,528605,2025-10-25T23:35:42.553297
MSFT,523.50,492570,2025-10-25T23:35:42.640165
TSLA,433.59,851242,2025-10-25T23:35:42.725577
AAPL,262.74,905457,2025-10-25T23:35:45.835393
GOOGL,259.91,528605,2025-10-25T23:35:45.925388
MSFT,523.50,492570,2025-10-25T23:35:46.010356
TSLA,433.59,851242,2025-10-25T23:35:46.224523
AAPL,262.74,905457,2025-10-25T23:35:49.331051
GOOGL,259.91,528605,2025-10-25T23:35:49.434044
MSFT,523.50,492570,2025-10-25T23:35:49.603131
TSLA,433.59,851242,2025-10-25T23:35:49.690939
AAPL,262.74,905457,2025-10-25T23:35:52.881710
GOOGL,259.91,528605,2025-10-25T23:35:52.975319
MSFT,523.50,492570,2025-10-25T23:35:53.059870
TSLA,433.59,851242,2025-10-25T23:35:53.142917
AAPL,262.74,905457,2025-10-25T23:35:56.257043
GOOGL,259.91,528605,2025-10-25T23:35:56.464262
MSFT,523.50,492570,2025-10-25T23:35:56.550880
TSLA,433.59,851242,2025-10-25T23:35:56.786487
AAPL,262.74,905457,2025-10-25T23:35:59.944999
GOOGL,259.91,528605,2025-10-25T23:36:00.040168
MSFT,523.50,492570,2025-10-25T23:36:00.256188
TSLA,433.59,851242,2025-10-25T23:36:00.349055
AAPL,262.74,905457,2025-10-25T23:36:03.531684
GOOGL,259.91,528605,2025-10-25T23:36:03.618955
MSFT,523.50,492570,2025-10-25T23:36:03.729183
TSLA,433.59,851242,2025-10-25T23:36:03.820107
AAPL,262.74,905457,2025-10-25T23:36:06.960066
GOOGL,259.91,528605,2025-10-25T23:36:07.132455
MSFT,523.50,492570,2025-10-25T23:36:07.215796
TSLA,433.59,851242,2025-10-25T23:36:07.423236
AAPL,262.74,905457,2025-10-25T23:36:10.530787
GOOGL,259.91,528605,2025-10-25T23:36:10.617153
MSFT,523.50,492570,2025-10-25T23:36:10.754837
TSLA,433.59,851242,2025-10-25T23:36:10.850807
AAPL,262.74,905457,2025-10-25T23:36:13.953798
GOOGL,259.91,528605,2025-10-25T23:36:14.046960
MSFT,523.50,492570,2025-10-25T23:36:14.192652
TSLA,433.59,851242,2025-10-25T23:36:14.282798
AAPL,262.74,905457,2025-10-25T23:36:17.462761
GOOGL,259.91,528605,2025-10-25T23:36:17.612655
MSFT,523.50,492570,2025-10-25T23:36:17.701810
TSLA,433.59,851242,2025-10-25T23:36:17.793344
AAPL,262.74,905457,2025-10-25T23:36:20.936492
GOOGL,259.91,528605,2025-10-25T23:36:21.071125
MSFT,523.50,492570,2025-10-25T23:36:21.158259
TSLA,433.59,851242,2025-10-25T23:36:21.349175
AAPL,262.74,905457,2025-10-25T23:36:24.452238
GOOGL,259.91,528605,2025-10-25T23:36:24.537552
MSFT,523.50,492570,2025-10-25T23:36:24.626888
TSLA,433.59,851242,2025-10-25T23:36:24.716322
AAPL,262.74,905457,2025-10-25T23:36:27.811113
GOOGL,259.91,528605,2025-10-25T23:36:27.909055
MSFT,523.50,492570,2025-10-25T23:36:28.104768
TSLA,433.59,851242,2025-10-25T23:36:28.202206
AAPL,262.74,905457,2025-10-25T23:36:31.394592
GOOGL,259.91,528605,2025-10-25T23:36:31.533628
MSFT,523.50,492570,2025-10-25T23:36:31.628640
TSLA,433.59,851242,2025-10-25T23:36:31.721927
AAPL,262.74,905457,2025-10-25T23:36:34.832630
GOOGL,259.91,528605,2025-10-25T23:36:34.917374
MSFT,523.50,492570,2025-10-25T23:36:35.170543
TSLA,433.59,851242,2025-10-25T23:36:35.369830
AAPL,262.74,905457,2025-10-25T23:36:38.470232
GOOGL,259.91,528605,2025-10-25T23:36:38.564445
MSFT,523.50,492570,2025-10-25T23:36:38.772421
TSLA,433.59,851242,2025-10-25T23:36:38.861429
AAPL,262.74,905457,2025-10-25T23:36:41.976518
GOOGL,259.91,528605,2025-10-25T23:36:42.137921
MSFT,523.50,492570,2025-10-25T23:36:42.230365
TSLA,433.59,851242,2025-10-25T23:36:42.331222
AAPL,262.74,905457,2025-10-25T23:36:45.524314
GOOGL,259.91,528605,2025-10-25T23:36:45.615325
MSFT,523.50,492570,2025-10-25T23:36:45.705201
TSLA,433.59,851242,2025-10-25T23:36:45.928386
AAPL,262.74,905457,2025-10-25T23:36:49.036579
GOOGL,259.91,528605,2025-10-25T23:36:49.125742
MSFT,523.50,492570,2025-10-25T23:36:49.301208
TSLA,433.59,851242,2025-10-25T23:36:49.387164
AAPL,262.74,905457,2025-10-25T23:36:52.502925
GOOGL,259.91,528605,2025-10-25T23:36:52.680543
MSFT,523.50,492570,2025-10-25T23:36:52.770651
TSLA,433.59,851242,2025-10-25T23:36:52.857231
AAPL,262.74,905457,2025-10-25T23:36:55.976459
GOOGL,259.91,528605,2025-10-25T23:36:56.078296
MSFT,523.50,492570,2025-10-25T23:36:56.166050
TSLA,433.59,851242,2025-10-25T23:36:56.367335
AAPL,262.74,905457,2025-10-25T23:36:59.596270
GOOGL,259.91,528605,2025-10-25T23:36:59.691004
MSFT,523.50,492570,2025-10-25T23:36:59.848311
TSLA,433.59,851242,2025-10-25T23:36:59.945411
AAPL,262.74,905457,2025-10-25T23:37:03.062190
GOOGL,259.91,528605,2025-10-25T23:37:03.281706
MSFT,523.50,492570,2025-10-25T23:37:03.365435
TSLA,433.59,851242,2025-10-25T23:37:03.448622
AAPL,262.74,905457,2025-10-25T23:37:06.589469
GOOGL,259.91,528605,2025-10-25T23:37:06.691382
MSFT,523.50,492570,2025-10-25T23:37:06.783556
TSLA,433.59,851242,2025-10-25T23:37:06.870102
AAPL,262.74,905457,2025-10-25T23:37:09.972124
GOOGL,259.91,528605,2025-10-25T23:37:10.081368
MSFT,523.50,492570,2025-10-25T23:37:10.305358
TSLA,433.59,851242,2025-10-25T23:37:10.447624
AAPL,262.74,905457,2025-10-25T23:37:13.601331
GOOGL,259.91,528605,2025-10-25T23:37:13.780459
MSFT,523.50,492570,2025-10-25T23:37:13.868878
TSLA,433.59,851242,2025-10-25T23:37:13.956655
AAPL,262.74,905457,2025-10-25T23:37:17.118116
GOOGL,259.91,528605,2025-10-25T23:37:17.200873
MSFT,523.50,492570,2025-10-25T23:37:17.283472
TSLA,433.59,851242,2025-10-25T23:37:17.375610
AAPL,262.74,905457,2025-10-25T23:37:20.498858
GOOGL,259.91,528605,2025-10-25T23:37:20.592700
MSFT,523.50,492570,2025-10-25T23:37:20.687503
TSLA,433.59,851242,2025-10-25T23:37:20.781478
AAPL,262.74,905457,2025-10-25T23:37:23.890584
GOOGL,259.91,528605,2025-10-25T23:37:23.984890
MSFT,523.50,492570,2025-10-25T23:37:24.219684
TSLA,433.59,851242,2025-10-25T23:37:24.387050
AAPL,262.74,905457,2025-10-25T23:37:27.602036
GOOGL,259.91,528605,2025-10-25T23:37:27.767610
MSFT,523.50,492570,2025-10-25T23:37:27.866179
TSLA,433.59,851242,2025-10-25T23:37:27.964633
AAPL,262.74,905457,2025-10-25T23:37:31.072834
GOOGL,259.91,528605,2025-10-25T23:37:31.163512
MSFT,523.50,492570,2025-10-25T23:37:31.251123
TSLA,433.59,851242,2025-10-25T23:37:31.398630
AAPL,262.74,905457,2025-10-25T23:37:34.487121
GOOGL,259.91,528605,2025-10-25T23:37:34.576003
MSFT,523.50,492570,2025-10-25T23:37:34.766489
TSLA,433.59,851242,2025-10-25T23:37:34.852052
AAPL,262.74,905457,2025-10-25T23:37:37.953046
GOOGL,259.91,528605,2025-10-25T23:37:38.145893
MSFT,523.50,492570,2025-10-25T23:37:38.233256
TSLA,433.59,851242,2025-10-25T23:37:38.466270
AAPL,262.74,905457,2025-10-25T23:37:41.642737
GOOGL,259.91,528605,2025-10-25T23:37:41.734497
MSFT,523.50,492570,2025-10-25T23:37:41.820509
TSLA,433.59,851242,2025-10-25T23:37:41.900535
AAPL,262.74,905457,2025-10-25T23:37:46.289258
GOOGL,259.91,528605,2025-10-25T23:37:46.389184
MSFT,523.50,492570,2025-10-25T23:37:46.549571
TSLA,433.59,851242,2025-10-25T23:37:46.636805
AAPL,262.74,905457,2025-10-25T23:37:49.751975
GOOGL,259.91,528605,2025-10-25T23:37:49.922292
MSFT,523.50,492570,2025-10-25T23:37:50.016460
TSLA,433.59,851242,2025-10-25T23:37:50.228708
AAPL,262.74,905457,2025-10-25T23:37:53.411663
GOOGL,259.91,528605,2025-10-25T23:37:53.498381
MSFT,523.50,492570,2025-10-25T23:37:53.584176
TSLA,433.59,851242,2025-10-25T23:37:53.674674
AAPL,262.74,905457,2025-10-25T23:37:56.799972
GOOGL,259.91,528605,2025-10-25T23:37:56.889277
MSFT,523.50,492570,2025-10-25T23:37:57.192150
TSLA,433.59,851242,2025-10-25T23:37:57.285648
AAPL,262.74,905457,2025-10-25T23:38:00.391348
GOOGL,259.91,528605,2025-10-25T23:38:00.571555
MSFT,523.50,492570,2025-10-25T23:38:00.661299
TSLA,433.59,851242,2025-10-25T23:38:00.878741
AAPL,262.74,905457,2025-10-25T23:38:04.064504
GOOGL,259.91,528605,2025-10-25T23:38:04.152394
MSFT,523.50,492570,2025-10-25T23:38:04.236537
TSLA,433.59,851242,2025-10-25T23:38:04.325420
AAPL,262.74,905457,2025-10-25T23:38:07.534705
GOOGL,259.91,528605,2025-10-25T23:38:07.630891
MSFT,523.50,492570,2025-10-25T23:38:07.843685
TSLA,433.59,851242,2025-10-25T23:38:07.934426
AAPL,262.74,905457,2025-10-25T23:38:11.088793
GOOGL,259.91,528605,2025-10-25T23:38:11.224458
MSFT,523.50,492570,2025-10-25T23:38:11.312589
TSLA,433.59,851242,2025-10-25T23:38:11.529661
AAPL,262.74,905457,2025-10-25T23:38:14.703370
GOOGL,259.91,528605,2025-10-25T23:38:14.805215
MSFT,523.50,492570,2025-10-25T23:38:14.915484
TSLA,433.59,851242,2025-10-25T23:38:15.007145
AAPL,262.74,905457,2025-10-25T23:38:18.122576
GOOGL,259.91,528605,2025-10-25T23:38:18.221499
MSFT,523.50,492570,2025-10-25T23:38:18.551099
TSLA,433.59,851242,2025-10-25T23:38:18.641091
AAPL,262.74,905457,2025-10-25T23:38:21.871526
GOOGL,259.91,528605,2025-10-25T23:38:21.987789
MSFT,523.50,492570,2025-10-25T23:38:22.079896
TSLA,433.59,851242,2025-10-25T23:38:22.283364
AAPL,262.74,905457,2025-10-25T23:38:25.457211
GOOGL,259.91,528605,2025-10-25T23:38:25.617013
MSFT,523.50,492570,2025-10-25T23:38:25.708465
TSLA,433.59,851242,2025-10-25T23:38:25.822475
AAPL,262.74,905457,2025-10-25T23:38:28.931352
GOOGL,259.91,528605,2025-10-25T23:38:29.040019
MSFT,523.50,492570,2025-10-25T23:38:29.255889
TSLA,433.59,851242,2025-10-25T23:38:29.344635
AAPL,262.74,905457,2025-10-25T23:38:32.519698
GOOGL,259.91,528605,2025-10-25T23:38:32.611721
MSFT,523.50,492570,2025-10-25T23:38:32.707789
TSLA,433.59,851242,2025-10-25T23:38:32.801557
AAPL,262.74,905457,2025-10-25T23:38:35.921119
GOOGL,259.91,528605,2025-10-25T23:38:36.071064
MSFT,523.50,492570,2025-10-25T23:38:36.154682
TSLA,433.59,851242,2025-10-25T23:38:36.312800
AAPL,262.74,905457,2025-10-25T23:38:39.476064
GOOGL,259.91,528605,2025-10-25T23:38:39.575654
MSFT,523.50,492570,2025-10-25T23:38:39.794053
TSLA,433.59,851242,2025-10-25T23:38:39.882444
AAPL,262.74,905457,2025-10-25T23:38:42.992820
GOOGL,259.91,528605,2025-10-25T23:38:43.118844
MSFT,523.50,492570,2025-10-25T23:38:43.207342
TSLA,433.59,851242,2025-10-25T23:38:43.298681
AAPL,262.74,905457,2025-10-25T23:38:46.415011
GOOGL,259.91,528605,2025-10-25T23:38:46.652127
MSFT,523.50,492570,2025-10-25T23:38:46.741015
TSLA,433.59,851242,2025-10-25T23:38:46.826846
AAPL,262.74,905457,2025-10-25T23:38:50.029992
GOOGL,259.91,528605,2025-10-25T23:38:50.126648
MSFT,523.50,492570,2025-10-25T23:38:50.337703
TSLA,433.59,851242,2025-10-25T23:38:50.485740
AAPL,262.74,905457,2025-10-25T23:38:53.652338
GOOGL,259.91,528605,2025-10-25T23:38:53.750652
MSFT,523.50,492570,2025-10-25T23:38:53.837924
TSLA,433.59,851242,2025-10-25T23:38:53.923065
AAPL,262.74,905457,2025-10-25T23:38:57.037817
GOOGL,259.91,528605,2025-10-25T23:38:57.188156
MSFT,523.50,492570,2025-10-25T23:38:57.279813
TSLA,433.59,851242,2025-10-25T23:38:57.373015
AAPL,262.74,905457,2025-10-25T23:39:00.474104
GOOGL,259.91,528605,2025-10-25T23:39:00.566324
MSFT,523.50,492570,2025-10-25T23:39:00.656049
TSLA,433.59,851242,2025-10-25T23:39:00.742592
AAPL,262.74,905457,2025-10-25T23:39:03.855261
GOOGL,259.91,528605,2025-10-25T23:39:03.950835
MSFT,523.50,492570,2025-10-25T23:39:04.161323
TSLA,433.59,851242,2025-10-25T23:39:04.309833
AAPL,262.74,905457,2025-10-25T23:39:07.539180
GOOGL,259.91,528605,2025-10-25T23:39:07.646932
MSFT,523.50,492570,2025-10-25T23:39:07.727915
TSLA,433.59,851242,2025-10-25T23:39:07.824425
AAPL,262.74,905457,2025-10-25T23:39:10.918991
GOOGL,259.91,528605,2025-10-25T23:39:11.135713
MSFT,523.50,492570,2025-10-25T23:39:11.235479
TSLA,433.59,851242,2025-10-25T23:39:11.331945
AAPL,262.74,905457,2025-10-25T23:39:14.462365
GOOGL,259.91,528605,2025-10-25T23:39:14.552029
MSFT,523.50,492570,2025-10-25T23:39:14.642016
TSLA,433.59,851242,2025-10-25T23:39:14.812739
AAPL,262.74,905457,2025-10-25T23:39:17.929970
GOOGL,259.91,528605,2025-10-25T23:39:18.025502
MSFT,523.50,492570,2025-10-25T23:39:18.193669
TSLA,433.59,851242,2025-10-25T23:39:18.280273
AAPL,262.74,905457,2025-10-25T23:39:21.549376
GOOGL,259.91,528605,2025-10-25T23:39:21.655072
MSFT,523.50,492570,2025-10-25T23:39:21.743113
TSLA,433.59,851242,2025-10-25T23:39:21.837100
AAPL,262.74,905457,2025-10-25T23:39:24.973203
GOOGL,259.91,528605,2025-10-25T23:39:25.156634
MSFT,523.50,492570,2025-10-25T23:39:25.250616
TSLA,433.59,851242,2025-10-25T23:39:25.463301
AAPL,262.74,905457,2025-10-25T23:39:28.589874
GOOGL,259.91,528605,2025-10-25T23:39:28.677808
MSFT,523.50,492570,2025-10-25T23:39:28.818306
TSLA,433.59,851242,2025-10-25T23:39:28.903305
AAPL,262.74,905457,2025-10-25T23:39:32.185140
GOOGL,259.91,528605,2025-10-25T23:39:32.275910
MSFT,523.50,492570,2025-10-25T23:39:32.383023
TSLA,433.59,851242,2025-10-25T23:39:32.470516
AAPL,262.74,905457,2025-10-25T23:39:35.596940
GOOGL,259.91,528605,2025-10-25T23:39:35.807244
MSFT,523.50,492570,2025-10-25T23:39:35.907912
TSLA,433.59,851242,2025-10-25T23:39:36.109654
AAPL,262.74,905457,2025-10-25T23:39:39.220769
GOOGL,259.91,528605,2025-10-25T23:39:39.308273
MSFT,523.50,492570,2025-10-25T23:39:39.493365
TSLA,433.59,851242,2025-10-25T23:39:39.585346
AAPL,262.74,905457,2025-10-25T23:39:42.713555
GOOGL,259.91,528605,2025-10-25T23:39:42.812550
MSFT,523.50,492570,2025-10-25T23:39:42.903548
TSLA,433.59,851242,2025-10-25T23:39:43.008406
AAPL,262.74,905457,2025-10-25T23:39:46.248735
GOOGL,259.91,528605,2025-10-25T23:39:46.403238
MSFT,523.50,492570,2025-10-25T23:39:46.492297
TSLA,433.59,851242,2025-10-25T23:39:46.738228
AAPL,262.74,905457,2025-10-25T23:39:49.849881
GOOGL,259.91,528605,2025-10-25T23:39:49.937112
MSFT,523.50,492570,2025-10-25T23:39:50.138717
TSLA,433.59,851242,2025-10-25T23:39:50.225190
AAPL,262.74,905457,2025-10-25T23:39:53.331397
GOOGL,259.91,528605,2025-10-25T23:39:53.422434
MSFT,523.50,492570,2025-10-25T23:39:53.521360
TSLA,433.59,851242,2025-10-25T23:39:53.605422
AAPL,262.74,905457,2025-10-25T23:39:56.868976
GOOGL,259.91,528605,2025-10-25T23:39:56.961311
MSFT,523.50,492570,2025-10-25T23:39:57.046124
TSLA,433.59,851242,2025-10-25T23:39:57.205470
AAPL,262.74,905457,2025-10-25T23:40:00.480661
GOOGL,259.91,528605,2025-10-25T23:40:00.665913
MSFT,523.50,492570,2025-10-25T23:40:00.893906
TSLA,433.59,851242,2025-10-25T23:40:00.985386
AAPL,262.74,905457,2025-10-25T23:40:04.167172
GOOGL,259.91,528605,2025-10-25T23:40:04.258161
MSFT,523.50,492570,2025-10-25T23:40:04.345054
TSLA,433.59,851242,2025-10-25T23:40:04.456919
AAPL,262.74,905457,2025-10-25T23:40:07.649200
GOOGL,259.91,528605,2025-10-25T23:40:07.742569
MSFT,523.50,492570,2025-10-25T23:40:07.832472
TSLA,433.59,851242,2025-10-25T23:40:08.061584
AAPL,262.74,905457,2025-10-25T23:40:11.209786
GOOGL,259.91,528605,2025-10-25T23:40:11.442546
MSFT,523.50,492570,2025-10-25T23:40:11.590956
TSLA,433.59,851242,2025-10-25T23:40:11.675046
AAPL,262.74,905457,2025-10-25T23:40:14.913819
GOOGL,259.91,528605,2025-10-25T23:40:15.003602
MSFT,523.50,492570,2025-10-25T23:40:15.091815
TSLA,433.59,851242,2025-10-25T23:40:15.187819
AAPL,262.74,905457,2025-10-25T23:40:18.400031
GOOGL,259.91,528605,2025-10-25T23:40:18.485571
MSFT,523.50,492570,2025-10-25T23:40:18.566138
TSLA,433.59,851242,2025-10-25T23:40:18.719291
AAPL,262.74,905457,2025-10-25T23:40:21.836025
GOOGL,259.91,528605,2025-10-25T23:40:21.937060
MSFT,523.50,492570,2025-10-25T23:40:22.141369
TSLA,433.59,851242,2025-10-25T23:40:22.230251
AAPL,262.74,905457,2025-10-25T23:40:25.351053
GOOGL,259.91,528605,2025-10-25T23:40:25.494279
MSFT,523.50,492570,2025-10-25T23:40:25.591055
TSLA,433.59,851242,2025-10-25T23:40:25.679121
AAPL,262.74,905457,2025-10-25T23:40:28.792569
GOOGL,259.91,528605,2025-10-25T23:40:28.880928
MSFT,523.50,492570,2025-10-25T23:40:28.961403
TSLA,433.59,851242,2025-10-25T23:40:29.150418
AAPL,262.74,905457,2025-10-25T23:40:32.426139
GOOGL,259.91,528605,2025-10-25T23:40:32.540287
MSFT,523.50,492570,2025-10-25T23:40:32.734581
TSLA,433.59,851242,2025-10-25T23:40:32.821191
AAPL,262.74,905457,2025-10-25T23:40:36.006809
GOOGL,259.91,528605,2025-10-25T23:40:36.217757
MSFT,523.50,492570,2025-10-25T23:40:36.308456
TSLA,433.59,851242,2025-10-25T23:40:36.394302
AAPL,262.74,905457,2025-10-25T23:40:39.503911
GOOGL,259.91,528605,2025-10-25T23:40:39.594026
MSFT,523.50,492570,2025-10-25T23:40:39.683990
TSLA,433.59,851242,2025-10-25T23:40:39.898486
AAPL,262.74,905457,2025-10-25T23:40:43.171512
GOOGL,259.91,528605,2025-10-25T23:40:43.257345
MSFT,523.50,492570,2025-10-25T23:40:43.433078
TSLA,433.59,851242,2025-10-25T23:40:43.525042
AAPL,262.74,905457,2025-10-25T23:40:46.642267
GOOGL,259.91,528605,2025-10-25T23:40:46.856150
MSFT,523.50,492570,2025-10-25T23:40:46.948017
TSLA,433.59,851242,2025-10-25T23:40:47.038911
AAPL,262.74,905457,2025-10-25T23:40:50.138301
GOOGL,259.91,528605,2025-10-25T23:40:50.226868
MSFT,523.50,492570,2025-10-25T23:40:50.318017
TSLA,433.59,851242,2025-10-25T23:40:50.541172
AAPL,262.74,905457,2025-10-25T23:40:53.693245
GOOGL,259.91,528605,2025-10-25T23:40:53.791099
MSFT,523.50,492570,2025-10-25T23:40:53.885430
TSLA,433.59,851242,2025-10-25T23:40:53.971624
AAPL,262.74,905457,2025-10-25T23:40:57.096676
GOOGL,259.91,528605,2025-10-25T23:40:57.296522
MSFT,523.50,492570,2025-10-25T23:40:57.459622
TSLA,433.59,851242,2025-10-25T23:40:57.548394
AAPL,262.74,905457,2025-10-25T23:41:00.651919
GOOGL,259.91,528605,2025-10-25T23:41:00.738755
MSFT,523.50,492570,2025-10-25T23:41:00.830041
TSLA,433.59,851242,2025-10-25T23:41:00.917903
AAPL,262.74,905457,2025-10-25T23:41:04.154158
GOOGL,259.91,528605,2025-10-25T23:41:04.243618
MSFT,523.50,492570,2025-10-25T23:41:04.329769
TSLA,433.59,851242,2025-10-25T23:41:04.567812
AAPL,262.74,905457,2025-10-25T23:41:07.692350
GOOGL,259.91,528605,2025-10-25T23:41:07.802435
MSFT,523.50,492570,2025-10-25T23:41:07.906772
TSLA,433.59,851242,2025-10-25T23:41:07.990738
AAPL,262.74,905457,2025-10-25T23:41:11.317729
GOOGL,259.91,528605,2025-10-25T23:41:11.626225
MSFT,523.50,492570,2025-10-25T23:41:11.769689
TSLA,433.59,851242,2025-10-25T23:41:11.922909
AAPL,262.74,905457,2025-10-25T23:41:15.173910
GOOGL,259.91,528605,2025-10-25T23:41:15.257517
MSFT,523.50,492570,2025-10-25T23:41:15.351271
TSLA,433.59,851242,2025-10-25T23:41:15.619670
AAPL,262.74,905457,2025-10-25T23:41:18.729410
GOOGL,259.91,528605,2025-10-25T23:41:18.819805
MSFT,523.50,492570,2025-10-25T23:41:18.909241
TSLA,433.59,851242,2025-10-25T23:41:19.005772
AAPL,262.74,905457,2025-10-25T23:41:22.204623
GOOGL,259.91,528605,2025-10-25T23:41:22.458495
MSFT,523.50,492570,2025-10-25T23:41:22.608902
TSLA,433.59,851242,2025-10-25T23:41:22.762951
AAPL,262.74,905457,2025-10-25T23:41:25.882210
GOOGL,259.91,528605,2025-10-25T23:41:25.971421
MSFT,523.50,492570,2025-10-25T23:41:26.073373
TSLA,433.59,851242,2025-10-25T23:41:26.299579
AAPL,262.74,905457,2025-10-25T23:41:29.489315
GOOGL,259.91,528605,2025-10-25T23:41:29.582775
MSFT,523.50,492570,2025-10-25T23:41:29.676393
TSLA,433.59,851242,2025-10-25T23:41:29.760395
AAPL,262.74,905457,2025-10-25T23:41:32.894175
GOOGL,259.91,528605,2025-10-25T23:41:33.140366
MSFT,523.50,492570,2025-10-25T23:41:33.300246
TSLA,433.59,851242,2025-10-25T23:41:33.387606
AAPL,262.74,905457,2025-10-25T23:41:36.511356
GOOGL,259.91,528605,2025-10-25T23:41:36.597476
MSFT,523.50,492570,2025-10-25T23:41:36.684906
TSLA,433.59,851242,2025-10-25T23:41:36.909643
AAPL,262.74,905457,2025-10-25T23:41:40.084835
GOOGL,259.91,528605,2025-10-25T23:41:40.171663
MSFT,523.50,492570,2025-10-25T23:41:40.257243
TSLA,433.59,851242,2025-10-25T23:41:40.367678
AAPL,262.74,905457,2025-10-25T23:41:43.511623
GOOGL,259.91,528605,2025-10-25T23:41:43.665978
MSFT,523.50,492570,2025-10-25T23:41:43.753803
TSLA,433.59,851242,2025-10-25T23:41:43.845592
AAPL,262.74,905457,2025-10-25T23:41:46.961636
GOOGL,259.91,528605,2025-10-25T23:41:47.057869
MSFT,523.50,492570,2025-10-25T23:41:47.245259
TSLA,433.59,851242,2025-10-25T23:41:47.394416
AAPL,262.74,905457,2025-10-25T23:41:50.589473
GOOGL,259.91,528605,2025-10-25T23:41:50.685897
MSFT,523.50,492570,2025-10-25T23:41:50.779768
TSLA,433.59,851242,2025-10-25T23:41:50.871369
AAPL,262.74,905457,2025-10-25T23:41:53.992553
GOOGL,259.91,528605,2025-10-25T23:41:54.206333
MSFT,523.50,492570,2025-10-25T23:41:54.307854
TSLA,433.59,851242,2025-10-25T23:41:54.401780
AAPL,262.74,905457,2025-10-25T23:41:57.508840
GOOGL,259.91,528605,2025-10-25T23:41:57.602474
MSFT,523.50,492570,2025-10-25T23:41:57.690016
TSLA,433.59,851242,2025-10-25T23:41:57.792707
AAPL,262.74,905457,2025-10-25T23:42:00.961951
GOOGL,259.91,528605,2025-10-25T23:42:01.058216
MSFT,523.50,492570,2025-10-25T23:42:01.269437
TSLA,433.59,851242,2025-10-25T23:42:01.430654
AAPL,262.74,905457,2025-10-25T23:42:04.585328
GOOGL,259.91,528605,2025-10-25T23:42:04.734876
MSFT,523.50,492570,2025-10-25T23:42:04.824523
TSLA,433.59,851242,2025-10-25T23:42:04.914996
AAPL,262.74,905457,2025-10-25T23:42:08.031597
GOOGL,259.91,528605,2025-10-25T23:42:08.115914
MSFT,523.50,492570,2025-10-25T23:42:08.199192
TSLA,433.59,851242,2025-10-25T23:42:08.289451
AAPL,262.74,905457,2025-10-25T23:42:11.405901
GOOGL,259.91,528605,2025-10-25T23:42:11.499561
MSFT,523.50,492570,2025-10-25T23:42:11.709628
TSLA,433.59,851242,2025-10-25T23:42:12.084498
AAPL,262.74,905457,2025-10-25T23:42:15.263446
GOOGL,259.91,528605,2025-10-25T23:42:15.408161
MSFT,523.50,492570,2025-10-25T23:42:15.496239
TSLA,433.59,851242,2025-10-25T23:42:15.621941
AAPL,262.74,905457,2025-10-25T23:42:18.733298
GOOGL,259.91,528605,2025-10-25T23:42:18.826442
MSFT,523.50,492570,2025-10-25T23:42:18.915012
TSLA,433.59,851242,2025-10-25T23:42:19.005844
AAPL,262.74,905457,2025-10-25T23:42:22.117879
GOOGL,259.91,528605,2025-10-25T23:42:22.201956
MSFT,523.50,492570,2025-10-25T23:42:22.355183
TSLA,433.59,851242,2025-10-25T23:42:22.501890
AAPL,262.74,905457,2025-10-25T23:42:25.598115
GOOGL,259.91,528605,2025-10-25T23:42:25.690735
MSFT,523.50,492570,2025-10-25T23:42:25.786596
TSLA,433.59,851242,2025-10-25T23:42:25.873938
AAPL,262.74,905457,2025-10-25T23:42:29.118289
GOOGL,259.91,528605,2025-10-25T23:42:29.262332
MSFT,523.50,492570,2025-10-25T23:42:29.353098
TSLA,433.59,851242,2025-10-25T23:42:29.439887
AAPL,262.74,905457,2025-10-25T23:42:32.543322
GOOGL,259.91,528605,2025-10-25T23:42:32.623270
MSFT,523.50,492570,2025-10-25T23:42:32.713162
TSLA,433.59,851242,2025-10-25T23:42:32.810574
AAPL,262.74,905457,2025-10-25T23:42:35.915634
GOOGL,259.91,528605,2025-10-25T23:42:36.024849
MSFT,523.50,492570,2025-10-25T23:42:36.172396
TSLA,433.59,851242,2025-10-25T23:42:36.317793
AAPL,262.74,905457,2025-10-25T23:42:39.419763
GOOGL,259.91,528605,2025-10-25T23:42:39.509259
MSFT,523.50,492570,2025-10-25T23:42:39.595172
TSLA,433.59,851242,2025-10-25T23:42:39.688604
AAPL,262.74,905457,2025-10-25T23:42:42.837630
GOOGL,259.91,528605,2025-10-25T23:42:42.987035
MSFT,523.50,492570,2025-10-25T23:42:43.073583
TSLA,433.59,851242,2025-10-25T23:42:43.164546
AAPL,262.74,905457,2025-10-25T23:42:46.273424
GOOGL,259.91,528605,2025-10-25T23:42:46.365959
MSFT,523.50,492570,2025-10-25T23:42:46.514187
TSLA,433.59,851242,2025-10-25T23:42:46.654303
AAPL,262.74,905457,2025-10-25T23:42:49.772141
GOOGL,259.91,528605,2025-10-25T23:42:49.863730
MSFT,523.50,492570,2025-10-25T23:42:49.949142
TSLA,433.59,851242,2025-10-25T23:42:50.041105
AAPL,262.74,905457,2025-10-25T23:42:53.286400
GOOGL,259.91,528605,2025-10-25T23:42:53.440412
MSFT,523.50,492570,2025-10-25T23:42:53.547305
TSLA,433.59,851242,2025-10-25T23:42:53.639531
AAPL,262.74,905457,2025-10-25T23:42:56.749982
GOOGL,259.91,528605,2025-10-25T23:42:56.855290
MSFT,523.50,492570,2025-10-25T23:42:57.057945
TSLA,433.59,851242,2025-10-25T23:42:57.214558
AAPL,262.74,905457,2025-10-25T23:43:00.436043
GOOGL,259.91,528605,2025-10-25T23:43:00.526489
MSFT,523.50,492570,2025-10-25T23:43:00.612058
TSLA,433.59,851242,2025-10-25T23:43:00.702497
AAPL,262.74,905457,2025-10-25T23:43:03.807961
GOOGL,259.91,528605,2025-10-25T23:43:03.907608
MSFT,523.50,492570,2025-10-25T23:43:03.995923
TSLA,433.59,851242,2025-10-25T23:43:04.083264
AAPL,262.74,905457,2025-10-25T23:43:07.397258
GOOGL,259.91,528605,2025-10-25T23:43:07.544628
MSFT,523.50,492570,2025-10-25T23:43:07.706335
TSLA,433.59,851242,2025-10-25T23:43:07.795698
AAPL,262.74,905457,2025-10-25T23:43:10.905616
GOOGL,259.91,528605,2025-10-25T23:43:10.994948
MSFT,523.50,492570,2025-10-25T23:43:11.085370
TSLA,433.59,851242,2025-10-25T23:43:11.260501
AAPL,262.74,905457,2025-10-25T23:43:14.363866
GOOGL,259.91,528605,2025-10-25T23:43:14.464155
MSFT,523.50,492570,2025-10-25T23:43:14.561690
TSLA,433.59,851242,2025-10-25T23:43:14.658163
AAPL,262.74,905457,2025-10-25T23:43:17.941023
GOOGL,259.91,528605,2025-10-25T23:43:18.093859
MSFT,523.50,492570,2025-10-25T23:43:18.252635
TSLA,433.59,851242,2025-10-25T23:43:18.348166
AAPL,262.74,905457,2025-10-25T23:43:21.694393
GOOGL,259.91,528605,2025-10-25T23:43:21.786180
MSFT,523.50,492570,2025-10-25T23:43:21.882985
TSLA,433.59,851242,2025-10-25T23:43:22.046927
AAPL,262.74,905457,2025-10-25T23:43:25.195519
GOOGL,259.91,528605,2025-10-25T23:43:25.295994
MSFT,523.50,492570,2025-10-25T23:43:25.395219
TSLA,433.59,851242,2025-10-25T23:43:25.495250
AAPL,262.74,905457,2025-10-25T23:43:28.592655
GOOGL,259.91,528605,2025-10-25T23:43:28.792671
MSFT,523.50,492570,2025-10-25T23:43:28.951931
TSLA,433.59,851242,2025-10-25T23:43:29.037639
AAPL,262.74,905457,2025-10-25T23:43:32.287052
GOOGL,259.91,528605,2025-10-25T23:43:32.380150
MSFT,523.50,492570,2025-10-25T23:43:32.472364
TSLA,433.59,851242,2025-10-25T23:43:32.683395
AAPL,262.74,905457,2025-10-25T23:43:35.833066
GOOGL,259.91,528605,2025-10-25T23:43:35.935038
MSFT,523.50,492570,2025-10-25T23:43:36.021230
TSLA,433.59,851242,2025-10-25T23:43:36.110992
AAPL,262.74,905457,2025-10-25T23:43:39.218514
GOOGL,259.91,528605,2025-10-25T23:43:39.439520
MSFT,523.50,492570,2025-10-25T23:43:39.601953
TSLA,433.59,851242,2025-10-25T23:43:39.703672
AAPL,262.74,905457,2025-10-25T23:43:42.919837
GOOGL,259.91,528605,2025-10-25T23:43:43.017907
MSFT,523.50,492570,2025-10-25T23:43:43.118321
TSLA,433.59,851242,2025-10-25T23:43:43.274900
AAPL,262.74,905457,2025-10-25T23:43:46.405306
GOOGL,259.91,528605,2025-10-25T23:43:46.495383
MSFT,523.50,492570,2025-10-25T23:43:46.581147
TSLA,433.59,851242,2025-10-25T23:43:46.671868
AAPL,262.74,905457,2025-10-25T23:43:49.767669
GOOGL,259.91,528605,2025-10-25T23:43:49.856366
MSFT,523.50,492570,2025-10-25T23:43:50.085893
TSLA,433.59,851242,2025-10-25T23:43:50.169842
AAPL,262.74,905457,2025-10-25T23:43:53.361179
GOOGL,259.91,528605,2025-10-25T23:43:53.510381
MSFT,523.50,492570,2025-10-25T23:43:53.610363
TSLA,433.59,851242,2025-10-25T23:43:53.700664
AAPL,262.74,905457,2025-10-25T23:43:56.810862
GOOGL,259.91,528605,2025-10-25T23:43:56.909434
MSFT,523.50,492570,2025-10-25T23:43:56.989257
TSLA,433.59,851242,2025-10-25T23:43:57.150390
AAPL,262.74,905457,2025-10-25T23:44:00.270626
GOOGL,259.91,528605,2025-10-25T23:44:00.363538
MSFT,523.50,492570,2025-10-25T23:44:00.531866
TSLA,433.59,851242,2025-10-25T23:44:00.624775
AAPL,262.74,905457,2025-10-25T23:44:03.748436
GOOGL,259.91,528605,2025-10-25T23:44:03.838892
MSFT,523.50,492570,2025-10-25T23:44:03.925247
TSLA,433.59,851242,2025-10-25T23:44:04.012384
AAPL,262.74,905457,2025-10-25T23:44:07.254255
GOOGL,259.91,528605,2025-10-25T23:44:07.406251
MSFT,523.50,492570,2025-10-25T23:44:07.503688
TSLA,433.59,851242,2025-10-25T23:44:07.726746
AAPL,262.74,905457,2025-10-25T23:44:10.826720
GOOGL,259.91,528605,2025-10-25T23:44:10.914214
MSFT,523.50,492570,2025-10-25T23:44:11.057370
TSLA,433.59,851242,2025-10-25T23:44:11.146827
AAPL,262.74,905457,2025-10-25T23:44:14.246929
GOOGL,259.91,528605,2025-10-25T23:44:14.341148
MSFT,523.50,492570,2025-10-25T23:44:14.426797
TSLA,433.59,851242,2025-10-25T23:44:14.558348
AAPL,262.74,905457,2025-10-25T23:44:17.903332
GOOGL,259.91,528605,2025-10-25T23:44:18.059320
MSFT,523.50,492570,2025-10-25T23:44:18.139063
TSLA,433.59,851242,2025-10-25T23:44:18.359670
AAPL,262.74,905457,2025-10-25T23:44:21.464409
GOOGL,259.91,528605,2025-10-25T23:44:21.548781
MSFT,523.50,492570,2025-10-25T23:44:21.643789
TSLA,433.59,851242,2025-10-25T23:44:21.736640
AAPL,262.74,905457,2025-10-25T23:44:24.995202
GOOGL,259.91,528605,2025-10-25T23:44:25.091730
MSFT,523.50,492570,2025-10-25T23:44:25.301968
TSLA,433.59,851242,2025-10-25T23:44:25.422349
AAPL,262.74,905457,2025-10-25T23:44:28.602274
GOOGL,259.91,528605,2025-10-25T23:44:28.738413
MSFT,523.50,492570,2025-10-25T23:44:28.821026
TSLA,433.59,851242,2025-10-25T23:44:28.901612
AAPL,262.74,905457,2025-10-25T23:44:32.005426
GOOGL,259.91,528605,2025-10-25T23:44:32.097025
MSFT,523.50,492570,2025-10-25T23:44:32.192960
TSLA,433.59,851242,2025-10-25T23:44:32.365564
AAPL,262.74,905457,2025-10-25T23:44:35.461889
GOOGL,259.91,528605,2025-10-25T23:44:35.547429
MSFT,523.50,492570,2025-10-25T23:44:35.656638
TSLA,433.59,851242,2025-10-25T23:44:35.747700
AAPL,262.74,905457,2025-10-25T23:44:38.862536
GOOGL,259.91,528605,2025-10-25T23:44:39.019434
MSFT,523.50,492570,2025-10-25T23:44:39.171371
TSLA,433.59,851242,2025-10-25T23:44:39.259672
AAPL,262.74,905457,2025-10-25T23:44:42.501075
GOOGL,259.91,528605,2025-10-25T23:44:42.589084
MSFT,523.50,492570,2025-10-25T23:44:42.673972
TSLA,433.59,851242,2025-10-25T23:44:42.763955
AAPL,262.74,905457,2025-10-25T23:44:45.983285
GOOGL,259.91,528605,2025-10-25T23:44:46.074887
MSFT,523.50,492570,2025-10-25T23:44:46.168484
TSLA,433.59,851242,2025-10-25T23:44:46.393855
AAPL,262.74,905457,2025-10-25T23:44:49.523366
GOOGL,259.91,528605,2025-10-25T23:44:49.772225
MSFT,523.50,492570,2025-10-25T23:44:49.934937
TSLA,433.59,851242,2025-10-25T23:44:50.026636
AAPL,262.74,905457,2025-10-25T23:44:53.250209
GOOGL,259.91,528605,2025-10-25T23:44:53.339789
MSFT,523.50,492570,2025-10-25T23:44:53.422151
TSLA,433.59,851242,2025-10-25T23:44:53.511095
AAPL,262.74,905457,2025-10-25T23:44:56.639039
GOOGL,259.91,528605,2025-10-25T23:44:56.739888
MSFT,523.50,492570,2025-10-25T23:44:56.834988
TSLA,433.59,851242,2025-10-25T23:44:57.041021
AAPL,262.74,905457,2025-10-25T23:45:00.156184
GOOGL,259.91,528605,2025-10-25T23:45:00.314815
MSFT,523.50,492570,2025-10-25T23:45:00.468111
TSLA,433.59,851242,2025-10-25T23:45:00.556630
AAPL,262.74,905457,2025-10-25T23:45:03.898860
GOOGL,259.91,528605,2025-10-25T23:45:03.986222
MSFT,523.50,492570,2025-10-25T23:45:04.075895
TSLA,433.59,851242,2025-10-25T23:45:04.163029
AAPL,262.74,905457,2025-10-25T23:45:07.279032
GOOGL,259.91,528605,2025-10-25T23:45:07.374619
MSFT,523.50,492570,2025-10-25T23:45:07.470688
TSLA,433.59,851242,2025-10-25T23:45:07.687725
AAPL,262.74,905457,2025-10-25T23:45:10.794407
GOOGL,259.91,528605,2025-10-25T23:45:10.885202
MSFT,523.50,492570,2025-10-25T23:45:11.064300
TSLA,433.59,851242,2025-10-25T23:45:11.159243
AAPL,262.74,905457,2025-10-25T23:45:14.442707
GOOGL,259.91,528605,2025-10-25T23:45:14.588892
MSFT,523.50,492570,2025-10-25T23:45:14.702433
TSLA,433.59,851242,2025-10-25T23:45:14.798426
AAPL,262.74,905457,2025-10-25T23:45:17.909585
GOOGL,259.91,528605,2025-10-25T23:45:18.012205
MSFT,523.50,492570,2025-10-25T23:45:18.112862
TSLA,433.59,851242,2025-10-25T23:45:18.337094
AAPL,262.74,905457,2025-10-25T23:45:21.452209
GOOGL,259.91,528605,2025-10-25T23:45:21.547728
MSFT,523.50,492570,2025-10-25T23:45:21.815077
TSLA,433.59,851242,2025-10-25T23:45:21.904053
AAPL,262.74,905457,2025-10-25T23:45:25.159988
GOOGL,259.91,528605,2025-10-25T23:45:25.305962
MSFT,523.50,492570,2025-10-25T23:45:25.403566
TSLA,433.59,851242,2025-10-25T23:45:25.490140
AAPL,262.74,905457,2025-10-25T23:45:28.615964
GOOGL,259.91,528605,2025-10-25T23:45:28.717463
MSFT,523.50,492570,2025-10-25T23:45:28.858962
TSLA,433.59,851242,2025-10-25T23:45:29.082277
AAPL,262.74,905457,2025-10-25T23:45:32.173682
GOOGL,259.91,528605,2025-10-25T23:45:32.266236
MSFT,523.50,492570,2025-10-25T23:45:32.460960
TSLA,433.59,851242,2025-10-25T23:45:32.665779
AAPL,262.74,905457,2025-10-25T23:45:35.840126
GOOGL,259.91,528605,2025-10-25T23:45:35.982979
MSFT,523.50,492570,2025-10-25T23:45:36.073526
TSLA,433.59,851242,2025-10-25T23:45:36.164902
AAPL,262.74,905457,2025-10-25T23:45:39.287707
GOOGL,259.91,528605,2025-10-25T23:45:39.374481
MSFT,523.50,492570,2025-10-25T23:45:39.459409
TSLA,433.59,851242,2025-10-25T23:45:39.691299
AAPL,262.74,905457,2025-10-25T23:45:42.813710
GOOGL,259.91,528605,2025-10-25T23:45:43.005849
MSFT,523.50,492570,2025-10-25T23:45:43.225062
TSLA,433.59,851242,2025-10-25T23:45:43.306210
AAPL,262.74,905457,2025-10-25T23:45:46.490907
GOOGL,259.91,528605,2025-10-25T23:45:46.634558
MSFT,523.50,492570,2025-10-25T23:45:46.781727
TSLA,433.59,851242,2025-10-25T23:45:46.869637
AAPL,262.74,905457,2025-10-25T23:45:49.986543
GOOGL,259.91,528605,2025-10-25T23:45:50.078305
MSFT,523.50,492570,2025-10-25T23:45:50.183552
TSLA,433.59,851242,2025-10-25T23:45:50.377079
AAPL,262.74,905457,2025-10-25T23:45:53.555230
GOOGL,259.91,528605,2025-10-25T23:45:53.650275
MSFT,523.50,492570,2025-10-25T23:45:53.738117
TSLA,433.59,851242,2025-10-25T23:45:53.829101
AAPL,262.74,905457,2025-10-25T23:45:57.009020
GOOGL,259.91,528605,2025-10-25T23:45:57.159672
MSFT,523.50,492570,2025-10-25T23:45:57.308933
TSLA,433.59,851242,2025-10-25T23:45:57.403665
AAPL,262.74,905457,2025-10-25T23:46:00.619097
GOOGL,259.91,528605,2025-10-25T23:46:00.715097
MSFT,523.50,492570,2025-10-25T23:46:00.851317
TSLA,433.59,851242,2025-10-25T23:46:01.073269
AAPL,262.74,905457,2025-10-25T23:46:04.182468
GOOGL,259.91,528605,2025-10-25T23:46:04.269530
MSFT,523.50,492570,2025-10-25T23:46:04.364187
TSLA,433.59,851242,2025-10-25T23:46:04.466432
AAPL,262.74,905457,2025-10-25T23:46:07.681193
GOOGL,259.91,528605,2025-10-25T23:46:07.829086
MSFT,523.50,492570,2025-10-25T23:46:07.971315
TSLA,433.59,851242,2025-10-25T23:46:08.061129
AAPL,262.74,905457,2025-10-25T23:46:11.298848
GOOGL,259.91,528605,2025-10-25T23:46:11.387311
MSFT,523.50,492570,2025-10-25T23:46:11.479979
TSLA,433.59,851242,2025-10-25T23:46:11.673996
AAPL,262.74,905457,2025-10-25T23:46:14.859236
GOOGL,259.91,528605,2025-10-25T23:46:14.954759
MSFT,523.50,492570,2025-10-25T23:46:15.039160
TSLA,433.59,851242,2025-10-25T23:46:15.130211
AAPL,262.74,905457,2025-10-25T23:46:18.327078
GOOGL,259.91,528605,2025-10-25T23:46:18.484025
MSFT,523.50,492570,2025-10-25T23:46:18.739740
TSLA,433.59,851242,2025-10-25T23:46:18.839023
AAPL,262.74,905457,2025-10-25T23:46:22.012517
GOOGL,259.91,528605,2025-10-25T23:46:22.101241
MSFT,523.50,492570,2025-10-25T23:46:22.322596
TSLA,433.59,851242,2025-10-25T23:46:22.485410
AAPL,262.74,905457,2025-10-25T23:46:25.603666
GOOGL,259.91,528605,2025-10-25T23:46:25.698582
MSFT,523.50,492570,2025-10-25T23:46:25.789372
TSLA,433.59,851242,2025-10-25T23:46:25.880082
AAPL,262.74,905457,2025-10-25T23:46:29.174893
GOOGL,259.91,528605,2025-10-25T23:46:29.316535
MSFT,523.50,492570,2025-10-25T23:46:29.479323
TSLA,433.59,851242,2025-10-25T23:46:29.579012
AAPL,262.74,905457,2025-10-25T23:46:32.722798
GOOGL,259.91,528605,2025-10-25T23:46:32.823309
MSFT,523.50,492570,2025-10-25T23:46:32.968642
TSLA,433.59,851242,2025-10-25T23:46:33.113586
AAPL,262.74,905457,2025-10-25T23:46:36.210468
GOOGL,259.91,528605,2025-10-25T23:46:36.315295
MSFT,523.50,492570,2025-10-25T23:46:36.403490
TSLA,433.59,851242,2025-10-25T23:46:36.502401
AAPL,262.74,905457,2025-10-25T23:46:39.725883
GOOGL,259.91,528605,2025-10-25T23:46:39.914016
MSFT,523.50,492570,2025-10-25T23:46:40.012609
TSLA,433.59,851242,2025-10-25T23:46:40.118190
AAPL,262.74,905457,2025-10-25T23:46:43.238520
GOOGL,259.91,528605,2025-10-25T23:46:43.335320
MSFT,523.50,492570,2025-10-25T23:46:43.573309
TSLA,433.59,851242,2025-10-25T23:46:43.654901
AAPL,262.74,905457,2025-10-25T23:46:46.891978
GOOGL,259.91,528605,2025-10-25T23:46:46.980196
MSFT,523.50,492570,2025-10-25T23:46:47.063470
TSLA,433.59,851242,2025-10-25T23:46:47.310431
AAPL,262.74,905457,2025-10-25T23:46:50.515165
GOOGL,259.91,528605,2025-10-25T23:46:50.687038
MSFT,523.50,492570,2025-10-25T23:46:50.772341
TSLA,433.59,851242,2025-10-25T23:46:50.866546
AAPL,262.74,905457,2025-10-25T23:46:53.988473
GOOGL,259.91,528605,2025-10-25T23:46:54.081117
MSFT,523.50,492570,2025-10-25T23:46:54.267243
TSLA,433.59,851242,2025-10-25T23:46:54.355697
AAPL,262.74,905457,2025-10-25T23:46:57.478652
GOOGL,259.91,528605,2025-10-25T23:46:57.568086
MSFT,523.50,492570,2025-10-25T23:46:57.666940
TSLA,433.59,851242,2025-10-25T23:46:57.888523
AAPL,262.74,905457,2025-10-25T23:47:01.189899
GOOGL,259.91,528605,2025-10-25T23:47:01.334630
MSFT,523.50,492570,2025-10-25T23:47:01.421859
TSLA,433.59,851242,2025-10-25T23:47:01.507341
AAPL,262.74,905457,2025-10-25T23:47:04.810065
GOOGL,259.91,528605,2025-10-25T23:47:04.907422
MSFT,523.50,492570,2025-10-25T23:47:05.121395
TSLA,433.59,851242,2025-10-25T23:47:05.208437
AAPL,262.74,905457,2025-10-25T23:47:08.392509
GOOGL,259.91,528605,2025-10-25T23:47:08.487493
MSFT,523.50,492570,2025-10-25T23:47:08.584720
TSLA,433.59,851242,2025-10-25T23:47:08.849901
AAPL,262.74,905457,2025-10-25T23:47:12.078366
GOOGL,259.91,528605,2025-10-25T23:47:12.226435
MSFT,523.50,492570,2025-10-25T23:47:12.324108
TSLA,433.59,851242,2025-10-25T23:47:12.488226
AAPL,262.74,905457,2025-10-25T23:47:15.591179
GOOGL,259.91,528605,2025-10-25T23:47:15.685425
MSFT,523.50,492570,2025-10-25T23:47:15.787430
TSLA,433.59,851242,2025-10-25T23:47:15.880851
AAPL,262.74,905457,2025-10-25T23:47:19.058498
GOOGL,259.91,528605,2025-10-25T23:47:19.145736
MSFT,523.50,492570,2025-10-25T23:47:19.347251
TSLA,433.59,851242,2025-10-25T23:47:19.664471
AAPL,262.74,905457,2025-10-25T23:47:22.759387
GOOGL,259.91,528605,2025-10-25T23:47:22.858743
MSFT,523.50,492570,2025-10-25T23:47:22.943668
TSLA,433.59,851242,2025-10-25T23:47:23.036889
AAPL,262.74,905457,2025-10-25T23:47:26.206268
GOOGL,259.91,528605,2025-10-25T23:47:26.350211
MSFT,523.50,492570,2025-10-25T23:47:26.431785
TSLA,433.59,851242,2025-10-25T23:47:26.521220
AAPL,262.74,905457,2025-10-25T23:47:29.627035
GOOGL,259.91,528605,2025-10-25T23:47:29.713713
MSFT,523.50,492570,2025-10-25T23:47:29.808414
TSLA,433.59,851242,2025-10-25T23:47:29.995409
AAPL,262.74,905457,2025-10-25T23:47:33.114454
GOOGL,259.91,528605,2025-10-25T23:47:33.232920
MSFT,523.50,492570,2025-10-25T23:47:33.381485
TSLA,433.59,851242,2025-10-25T23:47:33.467647
AAPL,262.74,905457,2025-10-25T23:47:36.588761
GOOGL,259.91,528605,2025-10-25T23:47:36.675497
MSFT,523.50,492570,2025-10-25T23:47:36.769147
TSLA,433.59,851242,2025-10-25T23:47:36.861520
AAPL,262.74,905457,2025-10-25T23:47:40.029823
GOOGL,259.91,528605,2025-10-25T23:47:40.183306
MSFT,523.50,492570,2025-10-25T23:47:40.265744
TSLA,433.59,851242,2025-10-25T23:47:40.443597
AAPL,262.74,905457,2025-10-25T23:47:43.565546
GOOGL,259.91,528605,2025-10-25T23:47:43.667016
MSFT,523.50,492570,2025-10-25T23:47:43.780359
TSLA,433.59,851242,2025-10-25T23:47:43.867929
AAPL,262.74,905457,2025-10-25T23:47:46.999186
GOOGL,259.91,528605,2025-10-25T23:47:47.094488
MSFT,523.50,492570,2025-10-25T23:47:47.299625
TSLA,433.59,851242,2025-10-25T23:47:47.395957
AAPL,262.74,905457,2025-10-25T23:47:50.505714
GOOGL,259.91,528605,2025-10-25T23:47:50.785504
MSFT,523.50,492570,2025-10-25T23:47:50.885570
TSLA,433.59,851242,2025-10-25T23:47:51.086286
AAPL,262.74,905457,2025-10-25T23:47:54.269646
GOOGL,259.91,528605,2025-10-25T23:47:54.364597
MSFT,523.50,492570,2025-10-25T23:47:54.455277
TSLA,433.59,851242,2025-10-25T23:47:54.544901
AAPL,262.74,905457,2025-10-25T23:47:57.638620
GOOGL,259.91,528605,2025-10-25T23:47:57.729741
MSFT,523.50,492570,2025-10-25T23:47:57.817478
TSLA,433.59,851242,2025-10-25T23:47:57.904300
AAPL,262.74,905457,2025-10-25T23:48:01.026179
GOOGL,259.91,528605,2025-10-25T23:48:01.225184
MSFT,523.50,492570,2025-10-25T23:48:01.421707
TSLA,433.59,851242,2025-10-25T23:48:01.521124
AAPL,262.74,905457,2025-10-25T23:48:04.704458
GOOGL,259.91,528605,2025-10-25T23:48:04.800530
MSFT,523.50,492570,2025-10-25T23:48:04.889672
TSLA,433.59,851242,2025-10-25T23:48:05.114266
AAPL,262.74,905457,2025-10-25T23:48:08.289882
GOOGL,259.91,528605,2025-10-25T23:48:08.376703
MSFT,523.50,492570,2025-10-25T23:48:08.467478
TSLA,433.59,851242,2025-10-25T23:48:08.559703
AAPL,262.74,905457,2025-10-25T23:48:11.665977
GOOGL,259.91,528605,2025-10-25T23:48:11.870600
MSFT,523.50,492570,2025-10-25T23:48:12.060452
TSLA,433.59,851242,2025-10-25T23:48:12.180500
AAPL,262.74,905457,2025-10-25T23:48:15.278502
GOOGL,259.91,528605,2025-10-25T23:48:15.375402
MSFT,523.50,492570,2025-10-25T23:48:15.463665
TSLA,433.59,851242,2025-10-25T23:48:15.684204
AAPL,262.74,905457,2025-10-25T23:48:18.866944
GOOGL,259.91,528605,2025-10-25T23:48:18.958807
MSFT,523.50,492570,2025-10-25T23:48:19.049317
TSLA,433.59,851242,2025-10-25T23:48:19.149956
AAPL,262.74,905457,2025-10-25T23:48:22.313642
GOOGL,259.91,528605,2025-10-25T23:48:22.518805
MSFT,523.50,492570,2025-10-25T23:48:22.671933
TSLA,433.59,851242,2025-10-25T23:48:22.766608
AAPL,262.74,905457,2025-10-25T23:48:25.881995
GOOGL,259.91,528605,2025-10-25T23:48:25.980461
MSFT,523.50,492570,2025-10-25T23:48:26.073327
TSLA,433.59,851242,2025-10-25T23:48:26.311144
AAPL,262.74,905457,2025-10-25T23:48:29.480996
GOOGL,259.91,528605,2025-10-25T23:48:29.567719
MSFT,523.50,492570,2025-10-25T23:48:29.654928
TSLA,433.59,851242,2025-10-25T23:48:29.748794
AAPL,262.74,905457,2025-10-25T23:48:32.859060
GOOGL,259.91,528605,2025-10-25T23:48:33.073059
MSFT,523.50,492570,2025-10-25T23:48:33.239060
TSLA,433.59,851242,2025-10-25T23:48:33.338764
AAPL,262.74,905457,2025-10-25T23:48:36.432586
GOOGL,259.91,528605,2025-10-25T23:48:36.532952
MSFT,523.50,492570,2025-10-25T23:48:36.619915
TSLA,433.59,851242,2025-10-25T23:48:36.710527
AAPL,262.74,905457,2025-10-25T23:48:39.827490
GOOGL,259.91,528605,2025-10-25T23:48:39.921052
MSFT,523.50,492570,2025-10-25T23:48:40.013083
TSLA,433.59,851242,2025-10-25T23:48:40.231324
AAPL,262.74,905457,2025-10-25T23:48:43.405560
GOOGL,259.91,528605,2025-10-25T23:48:43.547817
MSFT,523.50,492570,2025-10-25T23:48:43.642002
TSLA,433.59,851242,2025-10-25T23:48:43.739690
AAPL,262.74,905457,2025-10-25T23:48:46.857374
GOOGL,259.91,528605,2025-10-25T23:48:46.947561
MSFT,523.50,492570,2025-10-25T23:48:47.095799
TSLA,433.59,851242,2025-10-25T23:48:47.222679
AAPL,262.74,905457,2025-10-25T23:48:50.336966
GOOGL,259.91,528605,2025-10-25T23:48:50.430274
MSFT,523.50,492570,2025-10-25T23:48:50.518103
TSLA,433.59,851242,2025-10-25T23:48:50.608248
AAPL,262.74,905457,2025-10-25T23:48:53.723148
GOOGL,259.91,528605,2025-10-25T23:48:53.812650
MSFT,523.50,492570,2025-10-25T23:48:53.908894
TSLA,433.59,851242,2025-10-25T23:48:54.057478
AAPL,262.74,905457,2025-10-25T23:48:57.241733
GOOGL,259.91,528605,2025-10-25T23:48:57.389003
MSFT,523.50,492570,2025-10-25T23:48:57.469862
TSLA,433.59,851242,2025-10-25T23:48:57.573617
AAPL,262.74,905457,2025-10-25T23:49:00.811643
GOOGL,259.91,528605,2025-10-25T23:49:00.901832
MSFT,523.50,492570,2025-10-25T23:49:01.118528
TSLA,433.59,851242,2025-10-25T23:49:01.227945
AAPL,262.74,905457,2025-10-25T23:49:04.497192
GOOGL,259.91,528605,2025-10-25T23:49:04.585984
MSFT,523.50,492570,2025-10-25T23:49:04.671987
TSLA,433.59,851242,2025-10-25T23:49:04.759041
AAPL,262.74,905457,2025-10-25T23:49:08.021914
GOOGL,259.91,528605,2025-10-25T23:49:08.178200
MSFT,523.50,492570,2025-10-25T23:49:08.275575
TSLA,433.59,851242,2025-10-25T23:49:08.512382
AAPL,262.74,905457,2025-10-25T23:49:11.635804
GOOGL,259.91,528605,2025-10-25T23:49:11.729840
MSFT,523.50,492570,2025-10-25T23:49:11.873605
TSLA,433.59,851242,2025-10-25T23:49:11.972985
AAPL,262.74,905457,2025-10-25T23:49:15.083709
GOOGL,259.91,528605,2025-10-25T23:49:15.176611
MSFT,523.50,492570,2025-10-25T23:49:15.272748
TSLA,433.59,851242,2025-10-25T23:49:15.362633
AAPL,262.74,905457,2025-10-25T23:49:18.529024
GOOGL,259.91,528605,2025-10-25T23:49:18.622799
MSFT,523.50,492570,2025-10-25T23:49:18.726649
TSLA,433.59,851242,2025-10-25T23:49:18.814743
AAPL,262.74,905457,2025-10-25T23:49:21.941809
GOOGL,259.91,528605,2025-10-25T23:49:22.107521
MSFT,523.50,492570,2025-10-25T23:49:22.289153
TSLA,433.59,851242,2025-10-25T23:49:22.468442
AAPL,262.74,905457,2025-10-25T23:49:25.593222
GOOGL,259.91,528605,2025-10-25T23:49:25.689997
MSFT,523.50,492570,2025-10-25T23:49:25.775318
TSLA,433.59,851242,2025-10-25T23:49:25.866896
AAPL,262.74,905457,2025-10-25T23:49:29.072233
GOOGL,259.91,528605,2025-10-25T23:49:29.156894
MSFT,523.50,492570,2025-10-25T23:49:29.242898
TSLA,433.59,851242,2025-10-25T23:49:29.338795
AAPL,262.74,905457,2025-10-25T23:49:32.654674
GOOGL,259.91,528605,2025-10-25T23:49:32.858362
MSFT,523.50,492570,2025-10-25T23:49:33.007122
TSLA,433.59,851242,2025-10-25T23:49:33.172828
AAPL,262.74,905457,2025-10-25T23:49:36.275137
GOOGL,259.91,528605,2025-10-25T23:49:36.365606
MSFT,523.50,492570,2025-10-25T23:49:36.476608
TSLA,433.59,851242,2025-10-25T23:49:36.577654
AAPL,262.74,905457,2025-10-25T23:49:39.691905
GOOGL,259.91,528605,2025-10-25T23:49:39.791081
MSFT,523.50,492570,2025-10-25T23:49:39.881391
TSLA,433.59,851242,2025-10-25T23:49:39.976614
AAPL,262.74,905457,2025-10-25T23:49:43.200013
GOOGL,259.91,528605,2025-10-25T23:49:43.512096
MSFT,523.50,492570,2025-10-25T23:49:43.724238
TSLA,433.59,851242,2025-10-25T23:49:43.909083
AAPL,262.74,905457,2025-10-25T23:49:47.009769
GOOGL,259.91,528605,2025-10-25T23:49:47.104539
MSFT,523.50,492570,2025-10-25T23:49:47.197895
TSLA,433.59,851242,2025-10-25T23:49:47.303636
AAPL,262.74,905457,2025-10-25T23:49:50.394323
GOOGL,259.91,528605,2025-10-25T23:49:50.490866
MSFT,523.50,492570,2025-10-25T23:49:50.574794
TSLA,433.59,851242,2025-10-25T23:49:50.677834
AAPL,262.74,905457,2025-10-25T23:49:53.850083
GOOGL,259.91,528605,2025-10-25T23:49:54.057856
MSFT,523.50,492570,2025-10-25T23:49:54.258367
TSLA,433.59,851242,2025-10-25T23:49:54.448605
AAPL,262.74,905457,2025-10-25T23:49:57.605729
GOOGL,259.91,528605,2025-10-25T23:49:57.702871
MSFT,523.50,492570,2025-10-25T23:49:57.785643
TSLA,433.59,851242,2025-10-25T23:49:57.873244
AAPL,262.74,905457,2025-10-25T23:50:00.988780
GOOGL,259.91,528605,2025-10-25T23:50:01.084250
MSFT,523.50,492570,2025-10-25T23:50:01.172579
TSLA,433.59,851242,2025-10-25T23:50:01.267998
AAPL,262.74,905457,2025-10-25T23:50:04.387236
GOOGL,259.91,528605,2025-10-25T23:50:04.608915
MSFT,523.50,492570,2025-10-25T23:50:04.693307
TSLA,433.59,851242,2025-10-25T23:50:04.786723
AAPL,262.74,905457,2025-10-25T23:50:07.979317
GOOGL,259.91,528605,2025-10-25T23:50:08.078034
MSFT,523.50,492570,2025-10-25T23:50:08.284922
TSLA,433.59,851242,2025-10-25T23:50:08.443197
AAPL,262.74,905457,2025-10-25T23:50:11.556668
GOOGL,259.91,528605,2025-10-25T23:50:11.694971
MSFT,523.50,492570,2025-10-25T23:50:11.782848
TSLA,433.59,851242,2025-10-25T23:50:11.869764
AAPL,262.74,905457,2025-10-25T23:50:15.025534
GOOGL,259.91,528605,2025-10-25T23:50:15.248756
MSFT,523.50,492570,2025-10-25T23:50:15.332194
TSLA,433.59,851242,2025-10-25T23:50:15.460473
AAPL,262.74,905457,2025-10-25T23:50:18.627843
GOOGL,259.91,528605,2025-10-25T23:50:18.720705
MSFT,523.50,492570,2025-10-25T23:50:18.815652
TSLA,433.59,851242,2025-10-25T23:50:19.038955
AAPL,262.74,905457,2025-10-25T23:50:22.130223
GOOGL,259.91,528605,2025-10-25T23:50:22.219038
MSFT,523.50,492570,2025-10-25T23:50:22.414466
TSLA,433.59,851242,2025-10-25T23:50:22.506445
AAPL,262.74,905457,2025-10-25T23:50:25.625133
GOOGL,259.91,528605,2025-10-25T23:50:25.715214
MSFT,523.50,492570,2025-10-25T23:50:25.801982
TSLA,433.59,851242,2025-10-25T23:50:25.892481
AAPL,262.74,905457,2025-10-25T23:50:29.069645
GOOGL,259.91,528605,2025-10-25T23:50:29.217579
MSFT,523.50,492570,2025-10-25T23:50:29.306995
TSLA,433.59,851242,2025-10-25T23:50:29.495860
AAPL,262.74,905457,2025-10-25T23:50:32.604811
GOOGL,259.91,528605,2025-10-25T23:50:32.721843
MSFT,523.50,492570,2025-10-25T23:50:32.816200
TSLA,433.59,851242,2025-10-25T23:50:32.901004
AAPL,262.74,905457,2025-10-25T23:50:36.135167
GOOGL,259.91,528605,2025-10-25T23:50:36.227584
MSFT,523.50,492570,2025-10-25T23:50:36.442085
TSLA,433.59,851242,2025-10-25T23:50:36.528973
AAPL,262.74,905457,2025-10-25T23:50:39.624891
GOOGL,259.91,528605,2025-10-25T23:50:39.709502
MSFT,523.50,492570,2025-10-25T23:50:39.812008
TSLA,433.59,851242,2025-10-25T23:50:40.034603
AAPL,262.74,905457,2025-10-25T23:50:43.187297
GOOGL,259.91,528605,2025-10-25T23:50:43.335331
MSFT,523.50,492570,2025-10-25T23:50:43.421444
TSLA,433.59,851242,2025-10-25T23:50:43.507689
AAPL,262.74,905457,2025-10-25T23:50:46.605445
GOOGL,259.91,528605,2025-10-25T23:50:46.697229
MSFT,523.50,492570,2025-10-25T23:50:46.803991
TSLA,433.59,851242,2025-10-25T23:50:46.887527
AAPL,262.74,905457,2025-10-25T23:50:50.015230
GOOGL,259.91,528605,2025-10-25T23:50:50.112144
MSFT,523.50,492570,2025-10-25T23:50:50.264261
TSLA,433.59,851242,2025-10-25T23:50:50.410542
AAPL,262.74,905457,2025-10-25T23:50:53.643344
GOOGL,259.91,528605,2025-10-25T23:50:53.737433
MSFT,523.50,492570,2025-10-25T23:50:53.822739
TSLA,433.59,851242,2025-10-25T23:50:53.912663
AAPL,262.74,905457,2025-10-25T23:50:57.193283
GOOGL,259.91,528605,2025-10-25T23:50:57.346146
MSFT,523.50,492570,2025-10-25T23:50:57.435734
TSLA,433.59,851242,2025-10-25T23:50:57.529635
AAPL,262.74,905457,2025-10-25T23:51:00.643128
GOOGL,259.91,528605,2025-10-25T23:51:00.739935
MSFT,523.50,492570,2025-10-25T23:51:00.835645
TSLA,433.59,851242,2025-10-25T23:51:01.022746
AAPL,262.74,905457,2025-10-25T23:51:04.141785
GOOGL,259.91,528605,2025-10-25T23:51:04.230411
MSFT,523.50,492570,2025-10-25T23:51:04.396044
TSLA,433.59,851242,2025-10-25T23:51:04.489668
AAPL,262.74,905457,2025-10-25T23:51:07.608582
GOOGL,259.91,528605,2025-10-25T23:51:07.699319
MSFT,523.50,492570,2025-10-25T23:51:07.795719
TSLA,433.59,851242,2025-10-25T23:51:07.934441
AAPL,262.74,905457,2025-10-25T23:51:11.153317
GOOGL,259.91,528605,2025-10-25T23:51:11.297949
MSFT,523.50,492570,2025-10-25T23:51:11.387289
TSLA,433.59,851242,2025-10-25T23:51:11.563740
AAPL,262.74,905457,2025-10-25T23:51:14.661643
GOOGL,259.91,528605,2025-10-25T23:51:14.752524
MSFT,523.50,492570,2025-10-25T23:51:14.837170
TSLA,433.59,851242,2025-10-25T23:51:14.958801
AAPL,262.74,905457,2025-10-25T23:51:18.216502
GOOGL,259.91,528605,2025-10-25T23:51:18.305780
MSFT,523.50,492570,2025-10-25T23:51:18.523663
TSLA,433.59,851242,2025-10-25T23:51:18.622229
AAPL,262.74,905457,2025-10-25T23:51:21.799890
GOOGL,259.91,528605,2025-10-25T23:51:21.957934
MSFT,523.50,492570,2025-10-25T23:51:22.090486
TSLA,433.59,851242,2025-10-25T23:51:22.312531
AAPL,262.74,905457,2025-10-25T23:51:25.486786
GOOGL,259.91,528605,2025-10-25T23:51:25.587900
MSFT,523.50,492570,2025-10-25T23:51:25.679935
TSLA,433.59,851242,2025-10-25T23:51:25.800520
AAPL,262.74,905457,2025-10-25T23:51:28.921119
GOOGL,259.91,528605,2025-10-25T23:51:29.035557
MSFT,523.50,492570,2025-10-25T23:51:29.275049
TSLA,433.59,851242,2025-10-25T23:51:29.368217
AAPL,262.74,905457,2025-10-25T23:51:32.551165
GOOGL,259.91,528605,2025-10-25T23:51:32.638470
MSFT,523.50,492570,2025-10-25T23:51:32.729895
TSLA,433.59,851242,2025-10-25T23:51:32.811954
AAPL,262.74,905457,2025-10-25T23:51:35.918217
GOOGL,259.91,528605,2025-10-25T23:51:36.141642
MSFT,523.50,492570,2025-10-25T23:51:36.238569
TSLA,433.59,851242,2025-10-25T23:51:36.441241
AAPL,262.74,905457,2025-10-25T23:51:39.546205
GOOGL,259.91,528605,2025-10-25T23:51:39.634395
MSFT,523.50,492570,2025-10-25T23:51:39.821374
TSLA,433.59,851242,2025-10-25T23:51:39.947480
AAPL,262.74,905457,2025-10-25T23:51:43.199748
GOOGL,259.91,528605,2025-10-25T23:51:43.293690
MSFT,523.50,492570,2025-10-25T23:51:43.382236
TSLA,433.59,851242,2025-10-25T23:51:43.471035
AAPL,262.74,905457,2025-10-25T23:51:46.681564
GOOGL,259.91,528605,2025-10-25T23:51:46.777138
MSFT,523.50,492570,2025-10-25T23:51:46.877525
TSLA,433.59,851242,2025-10-25T23:51:47.090613
AAPL,262.74,905457,2025-10-25T23:51:50.182846
GOOGL,259.91,528605,2025-10-25T23:51:50.366914
MSFT,523.50,492570,2025-10-25T23:51:50.514922
TSLA,433.59,851242,2025-10-25T23:51:50.601514
AAPL,262.74,905457,2025-10-25T23:51:53.746046
GOOGL,259.91,528605,2025-10-25T23:51:53.839496
MSFT,523.50,492570,2025-10-25T23:51:54.053359
TSLA,433.59,851242,2025-10-25T23:51:54.141090
AAPL,262.74,905457,2025-10-25T23:51:57.322543
GOOGL,259.91,528605,2025-10-25T23:51:57.419509
MSFT,523.50,492570,2025-10-25T23:51:57.514225
TSLA,433.59,851242,2025-10-25T23:51:57.744298
AAPL,262.74,905457,2025-10-25T23:52:00.855874
GOOGL,259.91,528605,2025-10-25T23:52:01.118200
MSFT,523.50,492570,2025-10-25T23:52:01.272741
TSLA,433.59,851242,2025-10-25T23:52:01.370015
AAPL,262.74,905457,2025-10-25T23:52:04.462907
GOOGL,259.91,528605,2025-10-25T23:52:04.556399
MSFT,523.50,492570,2025-10-25T23:52:04.636616
TSLA,433.59,851242,2025-10-25T23:52:04.727537
AAPL,262.74,905457,2025-10-25T23:52:07.925268
GOOGL,259.91,528605,2025-10-25T23:52:08.016270
MSFT,523.50,492570,2025-10-25T23:52:08.106791
TSLA,433.59,851242,2025-10-25T23:52:08.285289
AAPL,262.74,905457,2025-10-25T23:52:11.399882
GOOGL,259.91,528605,2025-10-25T23:52:11.493269
MSFT,523.50,492570,2025-10-25T23:52:11.581262
TSLA,433.59,851242,2025-10-25T23:52:11.671130
AAPL,262.74,905457,2025-10-25T23:52:14.780718
GOOGL,259.91,528605,2025-10-25T23:52:14.944316
MSFT,523.50,492570,2025-10-25T23:52:15.111003
TSLA,433.59,851242,2025-10-25T23:52:15.198387
AAPL,262.74,905457,2025-10-25T23:52:18.422595
GOOGL,259.91,528605,2025-10-25T23:52:18.510817
MSFT,523.50,492570,2025-10-25T23:52:18.598005
TSLA,433.59,851242,2025-10-25T23:52:18.684812
AAPL,262.74,905457,2025-10-25T23:52:21.799758
GOOGL,259.91,528605,2025-10-25T23:52:21.899453
MSFT,523.50,492570,2025-10-25T23:52:21.988748
TSLA,433.59,851242,2025-10-25T23:52:22.210621
AAPL,262.74,905457,2025-10-25T23:52:25.320377
GOOGL,259.91,528605,2025-10-25T23:52:25.486858
MSFT,523.50,492570,2025-10-25T23:52:25.579631
TSLA,433.59,851242,2025-10-25T23:52:25.674355
AAPL,262.74,905457,2025-10-25T23:52:28.866367
GOOGL,259.91,528605,2025-10-25T23:52:28.954673
MSFT,523.50,492570,2025-10-25T23:52:29.276039
TSLA,433.59,851242,2025-10-25T23:52:29.363348
AAPL,262.74,905457,2025-10-25T23:52:32.720527
GOOGL,259.91,528605,2025-10-25T23:52:32.812631
MSFT,523.50,492570,2025-10-25T23:52:32.901963
TSLA,433.59,851242,2025-10-25T23:52:33.063966
AAPL,262.74,905457,2025-10-25T23:52:36.171395
GOOGL,259.91,528605,2025-10-25T23:52:36.341001
MSFT,523.50,492570,2025-10-25T23:52:36.430912
TSLA,433.59,851242,2025-10-25T23:52:36.515165
AAPL,262.74,905457,2025-10-25T23:52:39.617757
GOOGL,259.91,528605,2025-10-25T23:52:39.714147
MSFT,523.50,492570,2025-10-25T23:52:39.802208
TSLA,433.59,851242,2025-10-25T23:52:39.892017
AAPL,262.74,905457,2025-10-25T23:52:43.155468
GOOGL,259.91,528605,2025-10-25T23:52:43.272027
MSFT,523.50,492570,2025-10-25T23:52:43.416069
TSLA,433.59,851242,2025-10-25T23:52:43.580011
AAPL,262.74,905457,2025-10-25T23:52:46.677623
GOOGL,259.91,528605,2025-10-25T23:52:46.773750
MSFT,523.50,492570,2025-10-25T23:52:46.861349
TSLA,433.59,851242,2025-10-25T23:52:46.953115
AAPL,262.74,905457,2025-10-25T23:52:50.074157
GOOGL,259.91,528605,2025-10-25T23:52:50.265334
MSFT,523.50,492570,2025-10-25T23:52:50.356102
TSLA,433.59,851242,2025-10-25T23:52:50.445041
AAPL,262.74,905457,2025-10-25T23:52:53.688016
GOOGL,259.91,528605,2025-10-25T23:52:53.782246
MSFT,523.50,492570,2025-10-25T23:52:53.953264
TSLA,433.59,851242,2025-10-25T23:52:54.120333
AAPL,262.74,905457,2025-10-25T23:52:57.228830
GOOGL,259.91,528605,2025-10-25T23:52:57.313058
MSFT,523.50,492570,2025-10-25T23:52:57.421506
TSLA,433.59,851242,2025-10-25T23:52:57.502867
AAPL,262.74,905457,2025-10-25T23:53:00.611402
GOOGL,259.91,528605,2025-10-25T23:53:00.812199
MSFT,523.50,492570,2025-10-25T23:53:00.899025
TSLA,433.59,851242,2025-10-25T23:53:00.993296
AAPL,262.74,905457,2025-10-25T23:53:04.190657
GOOGL,259.91,528605,2025-10-25T23:53:04.280906
MSFT,523.50,492570,2025-10-25T23:53:04.497432
TSLA,433.59,851242,2025-10-25T23:53:04.645819
AAPL,262.74,905457,2025-10-25T23:53:07.877226
GOOGL,259.91,528605,2025-10-25T23:53:07.969726
MSFT,523.50,492570,2025-10-25T23:53:08.060658
TSLA,433.59,851242,2025-10-25T23:53:08.293551
AAPL,262.74,905457,2025-10-25T23:53:11.385525
GOOGL,259.91,528605,2025-10-25T23:53:11.563706
MSFT,523.50,492570,2025-10-25T23:53:11.654031
TSLA,433.59,851242,2025-10-25T23:53:11.752233
AAPL,262.74,905457,2025-10-25T23:53:14.943882
GOOGL,259.91,528605,2025-10-25T23:53:15.033317
MSFT,523.50,492570,2025-10-25T23:53:15.353317
TSLA,433.59,851242,2025-10-25T23:53:15.534877
AAPL,262.74,905457,2025-10-25T23:53:18.648292
GOOGL,259.91,528605,2025-10-25T23:53:18.737841
MSFT,523.50,492570,2025-10-25T23:53:18.835944
TSLA,433.59,851242,2025-10-25T23:53:18.929478
AAPL,262.74,905457,2025-10-25T23:53:22.031206
GOOGL,259.91,528605,2025-10-25T23:53:22.211504
MSFT,523.50,492570,2025-10-25T23:53:22.329599
TSLA,433.59,851242,2025-10-25T23:53:22.424314
AAPL,262.74,905457,2025-10-25T23:53:25.693101
GOOGL,259.91,528605,2025-10-25T23:53:25.787472
MSFT,523.50,492570,2025-10-25T23:53:26.000263
TSLA,433.59,851242,2025-10-25T23:53:26.162046
AAPL,262.74,905457,2025-10-25T23:53:29.379336
GOOGL,259.91,528605,2025-10-25T23:53:29.469258
MSFT,523.50,492570,2025-10-25T23:53:29.568525
TSLA,433.59,851242,2025-10-25T23:53:29.669596
AAPL,262.74,905457,2025-10-25T23:53:32.787219
GOOGL,259.91,528605,2025-10-25T23:53:32.962354
MSFT,523.50,492570,2025-10-25T23:53:33.051232
TSLA,433.59,851242,2025-10-25T23:53:33.148431
AAPL,262.74,905457,2025-10-25T23:53:36.341890
GOOGL,259.91,528605,2025-10-25T23:53:36.473313
MSFT,523.50,492570,2025-10-25T23:53:36.567997
TSLA,433.59,851242,2025-10-25T23:53:36.750971
AAPL,262.74,905457,2025-10-25T23:53:39.910313
GOOGL,259.91,528605,2025-10-25T23:53:40.000704
MSFT,523.50,492570,2025-10-25T23:53:40.241763
TSLA,433.59,851242,2025-10-25T23:53:40.334562
AAPL,262.74,905457,2025-10-25T23:53:43.454426
GOOGL,259.91,528605,2025-10-25T23:53:43.611836
MSFT,523.50,492570,2025-10-25T23:53:43.699401
TSLA,433.59,851242,2025-10-25T23:53:43.792148
AAPL,262.74,905457,2025-10-25T23:53:47.037547
GOOGL,259.91,528605,2025-10-25T23:53:47.120649
MSFT,523.50,492570,2025-10-25T23:53:47.213617
TSLA,433.59,851242,2025-10-25T23:53:47.399955
AAPL,262.74,905457,2025-10-25T23:53:50.532520
GOOGL,259.91,528605,2025-10-25T23:53:50.621880
MSFT,523.50,492570,2025-10-25T23:53:50.704578
TSLA,433.59,851242,2025-10-25T23:53:50.785083
AAPL,262.74,905457,2025-10-25T23:53:53.886207
GOOGL,259.91,528605,2025-10-25T23:53:54.055417
MSFT,523.50,492570,2025-10-25T23:53:54.206153
TSLA,433.59,851242,2025-10-25T23:53:54.295266
AAPL,262.74,905457,2025-10-25T23:53:57.406064
GOOGL,259.91,528605,2025-10-25T23:53:57.503119
MSFT,523.50,492570,2025-10-25T23:53:57.584868
TSLA,433.59,851242,2025-10-25T23:53:57.674853
AAPL,262.74,905457,2025-10-25T23:54:00.915892
GOOGL,259.91,528605,2025-10-25T23:54:01.013551
MSFT,523.50,492570,2025-10-25T23:54:01.110626
TSLA,433.59,851242,2025-10-25T23:54:01.426888
AAPL,262.74,905457,2025-10-25T23:54:04.544119
GOOGL,259.91,528605,2025-10-25T23:54:04.703491
MSFT,523.50,492570,2025-10-25T23:54:04.845180
TSLA,433.59,851242,2025-10-25T23:54:04.934715
AAPL,262.74,905457,2025-10-25T23:54:08.045920
GOOGL,259.91,528605,2025-10-25T23:54:08.137439
MSFT,523.50,492570,2025-10-25T23:54:08.230723
TSLA,433.59,851242,2025-10-25T23:54:08.355292
AAPL,262.74,905457,2025-10-25T23:54:11.667170
GOOGL,259.91,528605,2025-10-25T23:54:11.780470
MSFT,523.50,492570,2025-10-25T23:54:11.869377
TSLA,433.59,851242,2025-10-25T23:54:12.080382
AAPL,262.74,905457,2025-10-25T23:54:15.250418
GOOGL,259.91,528605,2025-10-25T23:54:15.457463
MSFT,523.50,492570,2025-10-25T23:54:15.614079
TSLA,433.59,851242,2025-10-25T23:54:15.698689
AAPL,262.74,905457,2025-10-25T23:54:18.936539
GOOGL,259.91,528605,2025-10-25T23:54:19.030363
MSFT,523.50,492570,2025-10-25T23:54:19.116042
TSLA,433.59,851242,2025-10-25T23:54:19.204152
AAPL,262.74,905457,2025-10-25T23:54:22.479104
GOOGL,259.91,528605,2025-10-25T23:54:22.570416
MSFT,523.50,492570,2025-10-25T23:54:22.653824
TSLA,433.59,851242,2025-10-25T23:54:22.746191
AAPL,262.74,905457,2025-10-25T23:54:25.840241
GOOGL,259.91,528605,2025-10-25T23:54:26.012276
MSFT,523.50,492570,2025-10-25T23:54:26.164470
TSLA,433.59,851242,2025-10-25T23:54:26.322316
AAPL,262.74,905457,2025-10-25T23:54:29.429567
GOOGL,259.91,528605,2025-10-25T23:54:29.512155
MSFT,523.50,492570,2025-10-25T23:54:29.600553
TSLA,433.59,851242,2025-10-25T23:54:29.696921
AAPL,262.74,905457,2025-10-25T23:54:32.963925
GOOGL,259.91,528605,2025-10-25T23:54:33.053182
MSFT,523.50,492570,2025-10-25T23:54:33.144756
TSLA,433.59,851242,2025-10-25T23:54:33.234412
AAPL,262.74,905457,2025-10-25T23:54:36.345368
GOOGL,259.91,528605,2025-10-25T23:54:36.559816
MSFT,523.50,492570,2025-10-25T23:54:36.648589
TSLA,433.59,851242,2025-10-25T23:54:36.742633
AAPL,262.74,905457,2025-10-25T23:54:39.865131
GOOGL,259.91,528605,2025-10-25T23:54:39.960233
MSFT,523.50,492570,2025-10-25T23:54:40.185146
TSLA,433.59,851242,2025-10-25T23:54:40.351464
AAPL,262.74,905457,2025-10-25T23:54:43.526113
GOOGL,259.91,528605,2025-10-25T23:54:43.620769
MSFT,523.50,492570,2025-10-25T23:54:43.714668
TSLA,433.59,851242,2025-10-25T23:54:43.801088
AAPL,262.74,905457,2025-10-25T23:54:46.924302
GOOGL,259.91,528605,2025-10-25T23:54:47.093460
MSFT,523.50,492570,2025-10-25T23:54:47.181356
TSLA,433.59,851242,2025-10-25T23:54:47.266007
AAPL,262.74,905457,2025-10-25T23:54:50.475490
GOOGL,259.91,528605,2025-10-25T23:54:50.684492
MSFT,523.50,492570,2025-10-25T23:54:50.784681
TSLA,433.59,851242,2025-10-25T23:54:50.992826
AAPL,262.74,905457,2025-10-25T23:54:54.161955
GOOGL,259.91,528605,2025-10-25T23:54:54.249280
MSFT,523.50,492570,2025-10-25T23:54:54.478075
TSLA,433.59,851242,2025-10-25T23:54:54.570814
AAPL,262.74,905457,2025-10-25T23:54:57.683741
GOOGL,259.91,528605,2025-10-25T23:54:57.775617
MSFT,523.50,492570,2025-10-25T23:54:57.871927
TSLA,433.59,851242,2025-10-25T23:54:57.963260
AAPL,262.74,905457,2025-10-25T23:55:01.121245
GOOGL,259.91,528605,2025-10-25T23:55:01.327260
MSFT,523.50,492570,2025-10-25T23:55:01.531540
TSLA,433.59,851242,2025-10-25T23:55:01.788772
AAPL,262.74,905457,2025-10-25T23:55:05.012878
GOOGL,259.91,528605,2025-10-25T23:55:05.099132
MSFT,523.50,492570,2025-10-25T23:55:05.422289
TSLA,433.59,851242,2025-10-25T23:55:05.519824
AAPL,262.74,905457,2025-10-25T23:55:08.708549
GOOGL,259.91,528605,2025-10-25T23:55:08.820067
MSFT,523.50,492570,2025-10-25T23:55:08.910251
TSLA,433.59,851242,2025-10-25T23:55:09.004583
AAPL,262.74,905457,2025-10-25T23:55:12.122710
GOOGL,259.91,528605,2025-10-25T23:55:12.396817
MSFT,523.50,492570,2025-10-25T23:55:12.484905
TSLA,433.59,851242,2025-10-25T23:55:12.695349
AAPL,262.74,905457,2025-10-25T23:55:15.884745
GOOGL,259.91,528605,2025-10-25T23:55:15.970128
MSFT,523.50,492570,2025-10-25T23:55:16.173568
TSLA,433.59,851242,2025-10-25T23:55:16.313824
AAPL,262.74,905457,2025-10-25T23:55:19.444646
GOOGL,259.91,528605,2025-10-25T23:55:19.533100
MSFT,523.50,492570,2025-10-25T23:55:19.624055
TSLA,433.59,851242,2025-10-25T23:55:19.713230
AAPL,262.74,905457,2025-10-25T23:55:22.811713
GOOGL,259.91,528605,2025-10-25T23:55:23.033026
MSFT,523.50,492570,2025-10-25T23:55:23.124556
TSLA,433.59,851242,2025-10-25T23:55:23.341476
AAPL,262.74,905457,2025-10-25T23:55:26.516959
GOOGL,259.91,528605,2025-10-25T23:55:26.612490
MSFT,523.50,492570,2025-10-25T23:55:26.822133
TSLA,433.59,851242,2025-10-25T23:55:26.912334
AAPL,262.74,905457,2025-10-25T23:55:30.038080
GOOGL,259.91,528605,2025-10-25T23:55:30.130860
MSFT,523.50,492570,2025-10-25T23:55:30.303148
TSLA,433.59,851242,2025-10-25T23:55:30.396473
AAPL,262.74,905457,2025-10-25T23:55:33.484670
GOOGL,259.91,528605,2025-10-25T23:55:33.576305
MSFT,523.50,492570,2025-10-25T23:55:33.667247
TSLA,433.59,851242,2025-10-25T23:55:33.753739
AAPL,262.74,905457,2025-10-25T23:55:36.961982
GOOGL,259.91,528605,2025-10-25T23:55:37.117043
MSFT,523.50,492570,2025-10-25T23:55:37.266134
TSLA,433.59,851242,2025-10-25T23:55:37.453755
AAPL,262.74,905457,2025-10-25T23:55:40.597155
GOOGL,259.91,528605,2025-10-25T23:55:40.689591
MSFT,523.50,492570,2025-10-25T23:55:40.777920
TSLA,433.59,851242,2025-10-25T23:55:40.859753
AAPL,262.74,905457,2025-10-25T23:55:43.952860
GOOGL,259.91,528605,2025-10-25T23:55:44.042489
MSFT,523.50,492570,2025-10-25T23:55:44.135195
TSLA,433.59,851242,2025-10-25T23:55:44.225156
AAPL,262.74,905457,2025-10-25T23:55:47.402646
GOOGL,259.91,528605,2025-10-25T23:55:47.575042
MSFT,523.50,492570,2025-10-25T23:55:47.664701
TSLA,433.59,851242,2025-10-25T23:55:47.755564
AAPL,262.74,905457,2025-10-25T23:55:50.884665
GOOGL,259.91,528605,2025-10-25T23:55:50.979253
MSFT,523.50,492570,2025-10-25T23:55:51.190969
TSLA,433.59,851242,2025-10-25T23:55:51.367982
AAPL,262.74,905457,2025-10-25T23:55:54.651878
GOOGL,259.91,528605,2025-10-25T23:55:54.740330
MSFT,523.50,492570,2025-10-25T23:55:54.829397
TSLA,433.59,851242,2025-10-25T23:55:54.919618
AAPL,262.74,905457,2025-10-25T23:55:58.154142
GOOGL,259.91,528605,2025-10-25T23:55:58.295694
MSFT,523.50,492570,2025-10-25T23:55:58.382171
TSLA,433.59,851242,2025-10-25T23:55:58.472915
AAPL,262.74,905457,2025-10-25T23:56:01.606400
GOOGL,259.91,528605,2025-10-25T23:56:01.702365
MSFT,523.50,492570,2025-10-25T23:56:01.852570
TSLA,433.59,851242,2025-10-25T23:56:02.147722
AAPL,262.74,905457,2025-10-25T23:56:05.255144
GOOGL,259.91,528605,2025-10-25T23:56:05.349911
MSFT,523.50,492570,2025-10-25T23:56:05.436117
TSLA,433.59,851242,2025-10-25T23:56:05.524351
AAPL,262.74,905457,2025-10-25T23:56:08.700206
GOOGL,259.91,528605,2025-10-25T23:56:08.794330
MSFT,523.50,492570,2025-10-25T23:56:08.884889
TSLA,433.59,851242,2025-10-25T23:56:08.969854
AAPL,262.74,905457,2025-10-25T23:56:12.182106
GOOGL,259.91,528605,2025-10-25T23:56:12.326629
MSFT,523.50,492570,2025-10-25T23:56:12.498318
TSLA,433.59,851242,2025-10-25T23:56:12.599113
AAPL,262.74,905457,2025-10-25T23:56:15.697114
GOOGL,259.91,528605,2025-10-25T23:56:15.817061
MSFT,523.50,492570,2025-10-25T23:56:15.905943
TSLA,433.59,851242,2025-10-25T23:56:16.077468
AAPL,262.74,905457,2025-10-25T23:56:19.194744
GOOGL,259.91,528605,2025-10-25T23:56:19.284621
MSFT,523.50,492570,2025-10-25T23:56:19.368043
TSLA,433.59,851242,2025-10-25T23:56:19.461040
AAPL,262.74,905457,2025-10-25T23:56:22.576945
GOOGL,259.91,528605,2025-10-25T23:56:22.661663
MSFT,523.50,492570,2025-10-25T23:56:22.752610
TSLA,433.59,851242,2025-10-25T23:56:22.850673
AAPL,262.74,905457,2025-10-25T23:56:26.185161
GOOGL,259.91,528605,2025-10-25T23:56:26.344177
MSFT,523.50,492570,2025-10-25T23:56:26.631319
TSLA,433.59,851242,2025-10-25T23:56:26.777054
AAPL,262.74,905457,2025-10-25T23:56:29.913444
GOOGL,259.91,528605,2025-10-25T23:56:30.003641
MSFT,523.50,492570,2025-10-25T23:56:30.088710
TSLA,433.59,851242,2025-10-25T23:56:30.177322
AAPL,262.74,905457,2025-10-25T23:56:33.296785
GOOGL,259.91,528605,2025-10-25T23:56:33.386828
MSFT,523.50,492570,2025-10-25T23:56:33.478259
TSLA,433.59,851242,2025-10-25T23:56:33.574237
AAPL,262.74,905457,2025-10-25T23:56:36.694071
GOOGL,259.91,528605,2025-10-25T23:56:36.781387
MSFT,523.50,492570,2025-10-25T23:56:36.960479
TSLA,433.59,851242,2025-10-25T23:56:37.108375
AAPL,262.74,905457,2025-10-25T23:56:40.265406
GOOGL,259.91,528605,2025-10-25T23:56:40.421963
MSFT,523.50,492570,2025-10-25T23:56:40.508195
TSLA,433.59,851242,2025-10-25T23:56:40.598175
AAPL,262.74,905457,2025-10-25T23:56:43.714276
GOOGL,259.91,528605,2025-10-25T23:56:43.817806
MSFT,523.50,492570,2025-10-25T23:56:43.923782
TSLA,433.59,851242,2025-10-25T23:56:44.018418
AAPL,262.74,905457,2025-10-25T23:56:47.134787
GOOGL,259.91,528605,2025-10-25T23:56:47.225137
MSFT,523.50,492570,2025-10-25T23:56:47.404483
TSLA,433.59,851242,2025-10-25T23:56:47.493480
AAPL,262.74,905457,2025-10-25T23:56:50.613042
GOOGL,259.91,528605,2025-10-25T23:56:50.703960
MSFT,523.50,492570,2025-10-25T23:56:50.785255
TSLA,433.59,851242,2025-10-25T23:56:50.992933
AAPL,262.74,905457,2025-10-25T23:56:54.253853
GOOGL,259.91,528605,2025-10-25T23:56:54.399375
MSFT,523.50,492570,2025-10-25T23:56:54.491782
TSLA,433.59,851242,2025-10-25T23:56:54.637730
AAPL,262.74,905457,2025-10-25T23:56:57.758959
GOOGL,259.91,528605,2025-10-25T23:56:57.854983
MSFT,523.50,492570,2025-10-25T23:56:58.052913
TSLA,433.59,851242,2025-10-25T23:56:58.141010
AAPL,262.74,905457,2025-10-25T23:57:01.330788
GOOGL,259.91,528605,2025-10-25T23:57:01.411835
MSFT,523.50,492570,2025-10-25T23:57:01.504016
TSLA,433.59,851242,2025-10-25T23:57:01.657531
AAPL,262.74,905457,2025-10-25T23:57:04.861894
GOOGL,259.91,528605,2025-10-25T23:57:05.028009
MSFT,523.50,492570,2025-10-25T23:57:05.113842
TSLA,433.59,851242,2025-10-25T23:57:05.203041
AAPL,262.74,905457,2025-10-25T23:57:08.311169
GOOGL,259.91,528605,2025-10-25T23:57:08.403018
MSFT,523.50,492570,2025-10-25T23:57:08.600190
TSLA,433.59,851242,2025-10-25T23:57:08.688202
AAPL,262.74,905457,2025-10-25T23:57:11.792141
GOOGL,259.91,528605,2025-10-25T23:57:11.888632
MSFT,523.50,492570,2025-10-25T23:57:12.003629
TSLA,433.59,851242,2025-10-25T23:57:12.184128
AAPL,262.74,905457,2025-10-25T23:57:15.410292
GOOGL,259.91,528605,2025-10-25T23:57:15.557470
MSFT,523.50,492570,2025-10-25T23:57:15.645653
TSLA,433.59,851242,2025-10-25T23:57:15.735675
AAPL,262.74,905457,2025-10-25T23:57:18.831603
GOOGL,259.91,528605,2025-10-25T23:57:18.918691
MSFT,523.50,492570,2025-10-25T23:57:19.146785
TSLA,433.59,851242,2025-10-25T23:57:19.240265
AAPL,262.74,905457,2025-10-25T23:57:22.339215
GOOGL,259.91,528605,2025-10-25T23:57:22.426641
MSFT,523.50,492570,2025-10-25T23:57:22.517634
TSLA,433.59,851242,2025-10-25T23:57:22.612014
AAPL,262.74,905457,2025-10-25T23:57:25.732942
GOOGL,259.91,528605,2025-10-25T23:57:25.903602
MSFT,523.50,492570,2025-10-25T23:57:26.003228
TSLA,433.59,851242,2025-10-25T23:57:26.150550
AAPL,262.74,905457,2025-10-25T23:57:29.326680
GOOGL,259.91,528605,2025-10-25T23:57:29.419924
MSFT,523.50,492570,2025-10-25T23:57:29.504790
TSLA,433.59,851242,2025-10-25T23:57:29.590309
AAPL,262.74,905457,2025-10-25T23:57:32.828349
GOOGL,259.91,528605,2025-10-25T23:57:32.926623
MSFT,523.50,492570,2025-10-25T23:57:33.076817
TSLA,433.59,851242,2025-10-25T23:57:33.191333
AAPL,262.74,905457,2025-10-25T23:57:36.453474
GOOGL,259.91,528605,2025-10-25T23:57:36.601426
MSFT,523.50,492570,2025-10-25T23:57:36.687195
TSLA,433.59,851242,2025-10-25T23:57:36.772431
AAPL,262.74,905457,2025-10-25T23:57:40.447961
GOOGL,259.91,528605,2025-10-25T23:57:40.541755
MSFT,523.50,492570,2025-10-25T23:57:40.634821
TSLA,433.59,851242,2025-10-25T23:57:40.857524
AAPL,262.74,905457,2025-10-25T23:57:43.973372
GOOGL,259.91,528605,2025-10-25T23:57:44.065035
MSFT,523.50,492570,2025-10-25T23:57:44.237832
TSLA,433.59,851242,2025-10-25T23:57:44.329796
AAPL,262.74,905457,2025-10-25T23:57:47.434704
GOOGL,259.91,528605,2025-10-25T23:57:47.620857
MSFT,523.50,492570,2025-10-25T23:57:47.714722
TSLA,433.59,851242,2025-10-25T23:57:47.809509
AAPL,262.74,905457,2025-10-25T23:57:50.997582
GOOGL,259.91,528605,2025-10-25T23:57:51.084462
MSFT,523.50,492570,2025-10-25T23:57:51.178174
TSLA,433.59,851242,2025-10-25T23:57:51.408206
AAPL,262.74,905457,2025-10-25T23:57:54.525486
GOOGL,259.91,528605,2025-10-25T23:57:54.616200
MSFT,523.50,492570,2025-10-25T23:57:54.703023
TSLA,433.59,851242,2025-10-25T23:57:54.802754
AAPL,262.74,905457,2025-10-25T23:57:57.963603
GOOGL,259.91,528605,2025-10-25T23:57:58.167456
MSFT,523.50,492570,2025-10-25T23:57:58.313171
TSLA,433.59,851242,2025-10-25T23:57:58.398583
AAPL,262.74,905457,2025-10-25T23:58:01.650733
GOOGL,259.91,528605,2025-10-25T23:58:01.740120
MSFT,523.50,492570,2025-10-25T23:58:01.832836
TSLA,433.59,851242,2025-10-25T23:58:02.062478
AAPL,262.74,905457,2025-10-25T23:58:05.250744
GOOGL,259.91,528605,2025-10-25T23:58:05.343487
MSFT,523.50,492570,2025-10-25T23:58:05.442862
TSLA,433.59,851242,2025-10-25T23:58:05.542854
AAPL,262.74,905457,2025-10-25T23:58:08.661553
GOOGL,259.91,528605,2025-10-25T23:58:08.759291
MSFT,523.50,492570,2025-10-25T23:58:08.921687
TSLA,433.59,851242,2025-10-25T23:58:09.126566
AAPL,262.74,905457,2025-10-25T23:58:12.404579
GOOGL,259.91,528605,2025-10-25T23:58:12.552520
MSFT,523.50,492570,2025-10-25T23:58:12.639434
TSLA,433.59,851242,2025-10-25T23:58:12.738235
AAPL,262.74,905457,2025-10-25T23:58:15.885540
GOOGL,259.91,528605,2025-10-25T23:58:15.983464
MSFT,523.50,492570,2025-10-25T23:58:16.084007
TSLA,433.59,851242,2025-10-25T23:58:16.308343
AAPL,262.74,905457,2025-10-25T23:58:19.518927
GOOGL,259.91,528605,2025-10-25T23:58:19.609880
MSFT,523.50,492570,2025-10-25T23:58:19.778802
TSLA,433.59,851242,2025-10-25T23:58:19.872093
AAPL,262.74,905457,2025-10-25T23:58:23.057072
GOOGL,259.91,528605,2025-10-25T23:58:23.256619
MSFT,523.50,492570,2025-10-25T23:58:23.343117
TSLA,433.59,851242,2025-10-25T23:58:23.434006
AAPL,262.74,905457,2025-10-25T23:58:26.545818
GOOGL,259.91,528605,2025-10-25T23:58:26.632018
MSFT,523.50,492570,2025-10-25T23:58:26.725899
TSLA,433.59,851242,2025-10-25T23:58:26.812508
AAPL,262.74,905457,2025-10-25T23:58:30.021150
GOOGL,259.91,528605,2025-10-25T23:58:30.146231
MSFT,523.50,492570,2025-10-25T23:58:30.328410
TSLA,433.59,851242,2025-10-25T23:58:30.479360
AAPL,262.74,905457,2025-10-25T23:58:33.584996
GOOGL,259.91,528605,2025-10-25T23:58:33.677582
MSFT,523.50,492570,2025-10-25T23:58:33.765798
TSLA,433.59,851242,2025-10-25T23:58:33.855572
AAPL,262.74,905457,2025-10-25T23:58:37.089194
GOOGL,259.91,528605,2025-10-25T23:58:37.249066
MSFT,523.50,492570,2025-10-25T23:58:37.427685
TSLA,433.59,851242,2025-10-25T23:58:37.514537
AAPL,262.74,905457,2025-10-25T23:58:40.633431
GOOGL,259.91,528605,2025-10-25T23:58:40.734645
MSFT,523.50,492570,2025-10-25T23:58:40.820521
TSLA,433.59,851242,2025-10-25T23:58:41.083431
AAPL,262.74,905457,2025-10-25T23:58:44.188109
GOOGL,259.91,528605,2025-10-25T23:58:44.309463
MSFT,523.50,492570,2025-10-25T23:58:44.461888
TSLA,433.59,851242,2025-10-25T23:58:44.557389
AAPL,262.74,905457,2025-10-25T23:58:47.804511
GOOGL,259.91,528605,2025-10-25T23:58:47.948445
MSFT,523.50,492570,2025-10-25T23:58:48.031800
TSLA,433.59,851242,2025-10-25T23:58:48.144712
AAPL,262.74,905457,2025-10-25T23:58:51.250567
GOOGL,259.91,528605,2025-10-25T23:58:51.338582
MSFT,523.50,492570,2025-10-25T23:58:51.422483
TSLA,433.59,851242,2025-10-25T23:58:51.562512
AAPL,262.74,905457,2025-10-25T23:58:54.670400
GOOGL,259.91,528605,2025-10-25T23:58:54.758794
MSFT,523.50,492570,2025-10-25T23:58:54.915232
TSLA,433.59,851242,2025-10-25T23:58:54.997477
AAPL,262.74,905457,2025-10-25T23:58:58.187042
GOOGL,259.91,528605,2025-10-25T23:58:58.338239
MSFT,523.50,492570,2025-10-25T23:58:58.423065
TSLA,433.59,851242,2025-10-25T23:58:58.508912
AAPL,262.74,905457,2025-10-25T23:59:01.616893
GOOGL,259.91,528605,2025-10-25T23:59:01.706813
MSFT,523.50,492570,2025-10-25T23:59:01.792235
TSLA,433.59,851242,2025-10-25T23:59:01.976899
AAPL,262.74,905457,2025-10-25T23:59:05.071489
GOOGL,259.91,528605,2025-10-25T23:59:05.156779
MSFT,523.50,492570,2025-10-25T23:59:05.250260
TSLA,433.59,851242,2025-10-25T23:59:05.342027
AAPL,262.74,905457,2025-10-25T23:59:08.438693
GOOGL,259.91,528605,2025-10-25T23:59:08.635430
MSFT,523.50,492570,2025-10-25T23:59:08.785375
TSLA,433.59,851242,2025-10-25T23:59:08.876085
AAPL,262.74,905457,2025-10-25T23:59:12.117971
GOOGL,259.91,528605,2025-10-25T23:59:12.263688
MSFT,523.50,492570,2025-10-25T23:59:12.424802
TSLA,433.59,851242,2025-10-25T23:59:12.629840
AAPL,262.74,905457,2025-10-25T23:59:15.733156
GOOGL,259.91,528605,2025-10-25T23:59:15.836249
MSFT,523.50,492570,2025-10-25T23:59:15.930174
TSLA,433.59,851242,2025-10-25T23:59:16.016312
AAPL,262.74,905457,2025-10-25T23:59:19.115690
GOOGL,259.91,528605,2025-10-25T23:59:19.205933
MSFT,523.50,492570,2025-10-25T23:59:19.387093
TSLA,433.59,851242,2025-10-25T23:59:19.521504
AAPL,262.74,905457,2025-10-25T23:59:22.768155
GOOGL,259.91,528605,2025-10-25T23:59:22.924619
MSFT,523.50,492570,2025-10-25T23:59:23.013439
TSLA,433.59,851242,2025-10-25T23:59:23.177794
AAPL,262.74,905457,2025-10-25T23:59:26.274747
GOOGL,259.91,528605,2025-10-25T23:59:26.366446
MSFT,523.50,492570,2025-10-25T23:59:26.476745
TSLA,433.59,851242,2025-10-25T23:59:26.571685
AAPL,262.74,905457,2025-10-25T23:59:29.731830
GOOGL,259.91,528605,2025-10-25T23:59:29.827478
MSFT,523.50,492570,2025-10-25T23:59:30.040507
TSLA,433.59,851242,2025-10-25T23:59:30.126374
AAPL,262.74,905457,2025-10-25T23:59:33.316236
GOOGL,259.91,528605,2025-10-25T23:59:33.468001
MSFT,523.50,492570,2025-10-25T23:59:33.604145
TSLA,433.59,851242,2025-10-25T23:59:33.696882
AAPL,262.74,905457,2025-10-25T23:59:36.818768
GOOGL,259.91,528605,2025-10-25T23:59:36.902929
MSFT,523.50,492570,2025-10-25T23:59:36.983302
TSLA,433.59,851242,2025-10-25T23:59:37.209568
AAPL,262.74,905457,2025-10-25T23:59:40.385726
GOOGL,259.91,528605,2025-10-25T23:59:40.473624
MSFT,523.50,492570,2025-10-25T23:59:40.570320
TSLA,433.59,851242,2025-10-25T23:59:40.652323
AAPL,262.74,905457,2025-10-25T23:59:43.799479
GOOGL,259.91,528605,2025-10-25T23:59:43.968193
MSFT,523.50,492570,2025-10-25T23:59:44.125368
TSLA,433.59,851242,2025-10-25T23:59:44.217064
AAPL,262.74,905457,2025-10-25T23:59:47.380599
GOOGL,259.91,528605,2025-10-25T23:59:47.569746
MSFT,523.50,492570,2025-10-25T23:59:47.664886
TSLA,433.59,851242,2025-10-25T23:59:47.763341
AAPL,262.74,905457,2025-10-25T23:59:50.932025
GOOGL,259.91,528605,2025-10-25T23:59:51.019152
MSFT,523.50,492570,2025-10-25T23:59:51.108901
TSLA,433.59,851242,2025-10-25T23:59:51.353404
AAPL,262.74,905457,2025-10-25T23:59:54.460272
GOOGL,259.91,528605,2025-10-25T23:59:54.722988
MSFT,523.50,492570,2025-10-25T23:59:54.871252
TSLA,433.59,851242,2025-10-25T23:59:54.973405
AAPL,262.74,905457,2025-10-25T23:59:58.207090
GOOGL,259.91,528605,2025-10-25T23:59:58.309597
MSFT,523.50,492570,2025-10-25T23:59:58.403053
TSLA,433.59,851242,2025-10-25T23:59:58.503136
AAPL,262.74,905457,2025-10-26T00:00:01.624620
GOOGL,259.91,528605,2025-10-26T00:00:01.710775
MSFT,523.50,492570,2025-10-26T00:00:01.803831
TSLA,433.59,851242,2025-10-26T00:00:01.993944
AAPL,262.74,905457,2025-10-26T00:00:05.119703
GOOGL,259.91,528605,2025-10-26T00:00:05.270858
MSFT,523.50,492570,2025-10-26T00:00:05.429139
TSLA,433.59,851242,2025-10-26T00:00:05.538663
AAPL,262.74,905457,2025-10-26T00:00:08.752012
GOOGL,259.91,528605,2025-10-26T00:00:08.848265
MSFT,523.50,492570,2025-10-26T00:00:08.945056
TSLA,433.59,851242,2025-10-26T00:00:09.050317
AAPL,262.74,905457,2025-10-26T00:00:12.240277
GOOGL,259.91,528605,2025-10-26T00:00:12.332183
MSFT,523.50,492570,2025-10-26T00:00:12.412825
TSLA,433.59,851242,2025-10-26T00:00:12.643637
AAPL,262.74,905457,2025-10-26T00:00:15.819589
GOOGL,259.91,528605,2025-10-26T00:00:16.048380
MSFT,523.50,492570,2025-10-26T00:00:16.211908
TSLA,433.59,851242,2025-10-26T00:00:16.301231
AAPL,262.74,905457,2025-10-26T00:00:19.408644
GOOGL,259.91,528605,2025-10-26T00:00:19.495776
MSFT,523.50,492570,2025-10-26T00:00:19.621638
TSLA,433.59,851242,2025-10-26T00:00:19.700068
AAPL,262.74,905457,2025-10-26T00:00:22.825202
GOOGL,259.91,528605,2025-10-26T00:00:22.910722
MSFT,523.50,492570,2025-10-26T00:00:22.995027
TSLA,433.59,851242,2025-10-26T00:00:23.192197
AAPL,262.74,905457,2025-10-26T00:00:26.361276
GOOGL,259.91,528605,2025-10-26T00:00:26.453434
MSFT,523.50,492570,2025-10-26T00:00:26.674491
TSLA,433.59,851242,2025-10-26T00:00:26.763660
AAPL,262.74,905457,2025-10-26T00:00:29.952170
GOOGL,259.91,528605,2025-10-26T00:00:30.157212
MSFT,523.50,492570,2025-10-26T00:00:30.250130
TSLA,433.59,851242,2025-10-26T00:00:30.341891
AAPL,262.74,905457,2025-10-26T00:00:33.428794
GOOGL,259.91,528605,2025-10-26T00:00:33.524508
MSFT,523.50,492570,2025-10-26T00:00:33.658401
TSLA,433.59,851242,2025-10-26T00:00:33.818187
AAPL,262.74,905457,2025-10-26T00:00:36.991760
GOOGL,259.91,528605,2025-10-26T00:00:37.095392
MSFT,523.50,492570,2025-10-26T00:00:37.325635
TSLA,433.59,851242,2025-10-26T00:00:37.419976
AAPL,262.74,905457,2025-10-26T00:00:40.527667
GOOGL,259.91,528605,2025-10-26T00:00:40.807152
MSFT,523.50,492570,2025-10-26T00:00:40.890791
TSLA,433.59,851242,2025-10-26T00:00:40.984262
AAPL,262.74,905457,2025-10-26T00:00:44.091322
GOOGL,259.91,528605,2025-10-26T00:00:44.179777
MSFT,523.50,492570,2025-10-26T00:00:44.267576
TSLA,433.59,851242,2025-10-26T00:00:44.598313
AAPL,262.74,905457,2025-10-26T00:00:48.284270
GOOGL,259.91,528605,2025-10-26T00:00:48.377267
MSFT,523.50,492570,2025-10-26T00:00:48.590615
TSLA,433.59,851242,2025-10-26T00:00:48.673032
AAPL,262.74,905457,2025-10-26T00:00:51.791415
GOOGL,259.91,528605,2025-10-26T00:00:51.970274
MSFT,523.50,492570,2025-10-26T00:00:52.063824
TSLA,433.59,851242,2025-10-26T00:00:52.152085
AAPL,262.74,905457,2025-10-26T00:00:55.249307
GOOGL,259.91,528605,2025-10-26T00:00:55.343379
MSFT,523.50,492570,2025-10-26T00:00:55.560256
TSLA,433.59,851242,2025-10-26T00:00:55.712522
AAPL,262.74,905457,2025-10-26T00:00:58.934415
GOOGL,259.91,528605,2025-10-26T00:00:59.022560
MSFT,523.50,492570,2025-10-26T00:00:59.392356
TSLA,433.59,851242,2025-10-26T00:00:59.490425
AAPL,262.74,905457,2025-10-26T00:01:02.612098
GOOGL,259.91,528605,2025-10-26T00:01:02.825658
MSFT,523.50,492570,2025-10-26T00:01:02.908964
TSLA,433.59,851242,2025-10-26T00:01:02.998026
AAPL,262.74,905457,2025-10-26T00:01:06.114053
GOOGL,259.91,528605,2025-10-26T00:01:06.210577
MSFT,523.50,492570,2025-10-26T00:01:06.312217
TSLA,433.59,851242,2025-10-26T00:01:06.516650
AAPL,262.74,905457,2025-10-26T00:01:09.893912
GOOGL,259.91,528605,2025-10-26T00:01:09.996527
MSFT,523.50,492570,2025-10-26T00:01:10.199504
TSLA,433.59,851242,2025-10-26T00:01:10.293600
AAPL,262.74,905457,2025-10-26T00:01:13.435466
GOOGL,259.91,528605,2025-10-26T00:01:13.582520
MSFT,523.50,492570,2025-10-26T00:01:13.667283
TSLA,433.59,851242,2025-10-26T00:01:13.753633
AAPL,262.74,905457,2025-10-26T00:01:16.852063
GOOGL,259.91,528605,2025-10-26T00:01:16.941562
MSFT,523.50,492570,2025-10-26T00:01:17.031887
TSLA,433.59,851242,2025-10-26T00:01:17.184133
AAPL,262.74,905457,2025-10-26T00:01:20.553073
GOOGL,259.91,528605,2025-10-26T00:01:20.639441
MSFT,523.50,492570,2025-10-26T00:01:20.734414
TSLA,433.59,851242,2025-10-26T00:01:20.834473
AAPL,262.74,905457,2025-10-26T00:01:23.930921
GOOGL,259.91,528605,2025-10-26T00:01:24.130695
MSFT,523.50,492570,2025-10-26T00:01:24.283665
TSLA,433.59,851242,2025-10-26T00:01:24.376088
AAPL,262.74,905457,2025-10-26T00:01:27.473333
GOOGL,259.91,528605,2025-10-26T00:01:27.556924
MSFT,523.50,492570,2025-10-26T00:01:27.642685
TSLA,433.59,851242,2025-10-26T00:01:27.814141
AAPL,262.74,905457,2025-10-26T00:01:31.075773
GOOGL,259.91,528605,2025-10-26T00:01:31.166830
MSFT,523.50,492570,2025-10-26T00:01:31.252160
TSLA,433.59,851242,2025-10-26T00:01:31.380306
AAPL,262.74,905457,2025-10-26T00:01:34.492540
GOOGL,259.91,528605,2025-10-26T00:01:34.656624
MSFT,523.50,492570,2025-10-26T00:01:34.741429
TSLA,433.59,851242,2025-10-26T00:01:34.826392
AAPL,262.74,905457,2025-10-26T00:01:37.931001
GOOGL,259.91,528605,2025-10-26T00:01:38.027284
MSFT,523.50,492570,2025-10-26T00:01:38.259980
TSLA,433.59,851242,2025-10-26T00:01:38.411149
AAPL,262.74,905457,2025-10-26T00:01:41.639430
GOOGL,259.91,528605,2025-10-26T00:01:41.727102
MSFT,523.50,492570,2025-10-26T00:01:41.812504
TSLA,433.59,851242,2025-10-26T00:01:41.904242
AAPL,262.74,905457,2025-10-26T00:01:45.011311
GOOGL,259.91,528605,2025-10-26T00:01:45.224004
MSFT,523.50,492570,2025-10-26T00:01:45.312616
TSLA,433.59,851242,2025-10-26T00:01:45.401436
AAPL,262.74,905457,2025-10-26T00:01:48.517950
GOOGL,259.91,528605,2025-10-26T00:01:48.607753
MSFT,523.50,492570,2025-10-26T00:01:48.808056
TSLA,433.59,851242,2025-10-26T00:01:48.960228
AAPL,262.74,905457,2025-10-26T00:01:52.135056
GOOGL,259.91,528605,2025-10-26T00:01:52.232475
MSFT,523.50,492570,2025-10-26T00:01:52.318648
TSLA,433.59,851242,2025-10-26T00:01:52.420361
AAPL,262.74,905457,2025-10-26T00:01:55.534711
GOOGL,259.91,528605,2025-10-26T00:01:55.772370
MSFT,523.50,492570,2025-10-26T00:01:55.862321
TSLA,433.59,851242,2025-10-26T00:01:55.953960
AAPL,262.74,905457,2025-10-26T00:01:59.059159
GOOGL,259.91,528605,2025-10-26T00:01:59.155743
MSFT,523.50,492570,2025-10-26T00:01:59.355708
TSLA,433.59,851242,2025-10-26T00:01:59.562249
AAPL,262.74,905457,2025-10-26T00:02:02.676887
GOOGL,259.91,528605,2025-10-26T00:02:02.772440
MSFT,523.50,492570,2025-10-26T00:02:02.864602
TSLA,433.59,851242,2025-10-26T00:02:02.952624
AAPL,262.74,905457,2025-10-26T00:02:06.217355
GOOGL,259.91,528605,2025-10-26T00:02:06.358158
MSFT,523.50,492570,2025-10-26T00:02:06.449308
TSLA,433.59,851242,2025-10-26T00:02:06.566835
AAPL,262.74,905457,2025-10-26T00:02:09.805032
GOOGL,259.91,528605,2025-10-26T00:02:09.900095
MSFT,523.50,492570,2025-10-26T00:02:10.108408
TSLA,433.59,851242,2025-10-26T00:02:10.247966
AAPL,262.74,905457,2025-10-26T00:02:13.352723
GOOGL,259.91,528605,2025-10-26T00:02:13.441933
MSFT,523.50,492570,2025-10-26T00:02:13.586499
TSLA,433.59,851242,2025-10-26T00:02:13.681486
AAPL,262.74,905457,2025-10-26T00:02:16.920799
GOOGL,259.91,528605,2025-10-26T00:02:17.067663
MSFT,523.50,492570,2025-10-26T00:02:17.149914
TSLA,433.59,851242,2025-10-26T00:02:17.238690
AAPL,262.74,905457,2025-10-26T00:02:20.360778
GOOGL,259.91,528605,2025-10-26T00:02:20.451813
MSFT,523.50,492570,2025-10-26T00:02:20.657570
TSLA,433.59,851242,2025-10-26T00:02:20.750214
AAPL,262.74,905457,2025-10-26T00:02:23.933658
GOOGL,259.91,528605,2025-10-26T00:02:24.028719
MSFT,523.50,492570,2025-10-26T00:02:24.113212
TSLA,433.59,851242,2025-10-26T00:02:24.343519
AAPL,262.74,905457,2025-10-26T00:02:27.587571
GOOGL,259.91,528605,2025-10-26T00:02:27.674041
MSFT,523.50,492570,2025-10-26T00:02:27.764651
TSLA,433.59,851242,2025-10-26T00:02:27.848916
AAPL,262.74,905457,2025-10-26T00:02:30.971063
GOOGL,259.91,528605,2025-10-26T00:02:31.122669
MSFT,523.50,492570,2025-10-26T00:02:31.272235
TSLA,433.59,851242,2025-10-26T00:02:31.361612
AAPL,262.74,905457,2025-10-26T00:02:34.456864
GOOGL,259.91,528605,2025-10-26T00:02:34.542113
MSFT,523.50,492570,2025-10-26T00:02:34.630279
TSLA,433.59,851242,2025-10-26T00:02:34.718954
AAPL,262.74,905457,2025-10-26T00:02:37.829280
GOOGL,259.91,528605,2025-10-26T00:02:37.920938
MSFT,523.50,492570,2025-10-26T00:02:38.010306
TSLA,433.59,851242,2025-10-26T00:02:38.169738
AAPL,262.74,905457,2025-10-26T00:02:41.313601
GOOGL,259.91,528605,2025-10-26T00:02:41.402282
MSFT,523.50,492570,2025-10-26T00:02:41.483017
TSLA,433.59,851242,2025-10-26T00:02:41.571610
AAPL,262.74,905457,2025-10-26T00:02:44.722742
GOOGL,259.91,528605,2025-10-26T00:02:44.871687
MSFT,523.50,492570,2025-10-26T00:02:45.016607
TSLA,433.59,851242,2025-10-26T00:02:45.099248
AAPL,262.74,905457,2025-10-26T00:02:48.184471
GOOGL,259.91,528605,2025-10-26T00:02:48.274735
MSFT,523.50,492570,2025-10-26T00:02:48.354250
TSLA,433.59,851242,2025-10-26T00:02:48.510442
AAPL,262.74,905457,2025-10-26T00:02:51.685814
GOOGL,259.91,528605,2025-10-26T00:02:51.779300
MSFT,523.50,492570,2025-10-26T00:02:52.005149
TSLA,433.59,851242,2025-10-26T00:02:52.142529
AAPL,262.74,905457,2025-10-26T00:02:55.372904
GOOGL,259.91,528605,2025-10-26T00:02:55.522791
MSFT,523.50,492570,2025-10-26T00:02:55.678337
TSLA,433.59,851242,2025-10-26T00:02:55.767246
AAPL,262.74,905457,2025-10-26T00:02:58.926670
GOOGL,259.91,528605,2025-10-26T00:02:59.026736
MSFT,523.50,492570,2025-10-26T00:02:59.130861
TSLA,433.59,851242,2025-10-26T00:02:59.325454
AAPL,262.74,905457,2025-10-26T00:03:02.442513
GOOGL,259.91,528605,2025-10-26T00:03:02.600545
MSFT,523.50,492570,2025-10-26T00:03:02.707470
TSLA,433.59,851242,2025-10-26T00:03:02.801548
AAPL,262.74,905457,2025-10-26T00:03:06.022935
GOOGL,259.91,528605,2025-10-26T00:03:06.198215
MSFT,523.50,492570,2025-10-26T00:03:06.432097
TSLA,433.59,851242,2025-10-26T00:03:06.513674
AAPL,262.74,905457,2025-10-26T00:03:09.622243
GOOGL,259.91,528605,2025-10-26T00:03:09.737462
MSFT,523.50,492570,2025-10-26T00:03:09.923883
TSLA,433.59,851242,2025-10-26T00:03:10.124940
AAPL,262.74,905457,2025-10-26T00:03:13.293245
GOOGL,259.91,528605,2025-10-26T00:03:13.392485
MSFT,523.50,492570,2025-10-26T00:03:13.602232
TSLA,433.59,851242,2025-10-26T00:03:13.696681
AAPL,262.74,905457,2025-10-26T00:03:17.052364
GOOGL,259.91,528605,2025-10-26T00:03:17.234977
MSFT,523.50,492570,2025-10-26T00:03:17.382100
TSLA,433.59,851242,2025-10-26T00:03:17.466496
AAPL,262.74,905457,2025-10-26T00:03:20.570574
GOOGL,259.91,528605,2025-10-26T00:03:20.662913
MSFT,523.50,492570,2025-10-26T00:03:20.752335
TSLA,433.59,851242,2025-10-26T00:03:20.844332
AAPL,262.74,905457,2025-10-26T00:03:24.256549
GOOGL,259.91,528605,2025-10-26T00:03:24.346807
MSFT,523.50,492570,2025-10-26T00:03:24.438312
TSLA,433.59,851242,2025-10-26T00:03:24.765066
AAPL,262.74,905457,2025-10-26T00:03:28.040278
GOOGL,259.91,528605,2025-10-26T00:03:28.197727
MSFT,523.50,492570,2025-10-26T00:03:28.344046
TSLA,433.59,851242,2025-10-26T00:03:28.443980
AAPL,262.74,905457,2025-10-26T00:03:31.533043
GOOGL,259.91,528605,2025-10-26T00:03:31.650530
MSFT,523.50,492570,2025-10-26T00:03:31.739255
TSLA,433.59,851242,2025-10-26T00:03:31.821588
AAPL,262.74,905457,2025-10-26T00:03:34.934195
GOOGL,259.91,528605,2025-10-26T00:03:35.033373
MSFT,523.50,492570,2025-10-26T00:03:35.136340
TSLA,433.59,851242,2025-10-26T00:03:35.310181
AAPL,262.74,905457,2025-10-26T00:03:38.458118
GOOGL,259.91,528605,2025-10-26T00:03:38.543080
MSFT,523.50,492570,2025-10-26T00:03:38.621594
TSLA,433.59,851242,2025-10-26T00:03:38.703513
AAPL,262.74,905457,2025-10-26T00:03:41.807461
GOOGL,259.91,528605,2025-10-26T00:03:41.966991
MSFT,523.50,492570,2025-10-26T00:03:42.110054
TSLA,433.59,851242,2025-10-26T00:03:42.196035
AAPL,262.74,905457,2025-10-26T00:03:45.299720
GOOGL,259.91,528605,2025-10-26T00:03:45.390064
MSFT,523.50,492570,2025-10-26T00:03:45.474201
TSLA,433.59,851242,2025-10-26T00:03:45.559473
AAPL,262.74,905457,2025-10-26T00:03:48.649948
GOOGL,259.91,528605,2025-10-26T00:03:48.734145
MSFT,523.50,492570,2025-10-26T00:03:48.819010
TSLA,433.59,851242,2025-10-26T00:03:49.033346
AAPL,262.74,905457,2025-10-26T00:03:52.183982
GOOGL,259.91,528605,2025-10-26T00:03:52.323936
MSFT,523.50,492570,2025-10-26T00:03:52.414565
TSLA,433.59,851242,2025-10-26T00:03:52.497653
AAPL,262.74,905457,2025-10-26T00:03:55.592673
GOOGL,259.91,528605,2025-10-26T00:03:55.680512
MSFT,523.50,492570,2025-10-26T00:03:55.892130
TSLA,433.59,851242,2025-10-26T00:03:55.970698
AAPL,262.74,905457,2025-10-26T00:03:59.058357
GOOGL,259.91,528605,2025-10-26T00:03:59.165430
MSFT,523.50,492570,2025-10-26T00:03:59.242509
TSLA,433.59,851242,2025-10-26T00:03:59.385826
AAPL,262.74,905457,2025-10-26T00:04:02.535081
GOOGL,259.91,528605,2025-10-26T00:04:02.626603
MSFT,523.50,492570,2025-10-26T00:04:02.712905
TSLA,433.59,851242,2025-10-26T00:04:02.796537
AAPL,262.74,905457,2025-10-26T00:04:05.922579
GOOGL,259.91,528605,2025-10-26T00:04:06.262359
MSFT,523.50,492570,2025-10-26T00:04:06.407226
TSLA,433.59,851242,2025-10-26T00:04:06.526776
AAPL,262.74,905457,2025-10-26T00:04:09.630028
GOOGL,259.91,528605,2025-10-26T00:04:09.715529
MSFT,523.50,492570,2025-10-26T00:04:09.807396
TSLA,433.59,851242,2025-10-26T00:04:10.179407
AAPL,262.74,905457,2025-10-26T00:04:13.416453
GOOGL,259.91,528605,2025-10-26T00:04:13.513536
MSFT,523.50,492570,2025-10-26T00:04:13.610328
TSLA,433.59,851242,2025-10-26T00:04:13.698410
AAPL,262.74,905457,2025-10-26T00:04:16.819637
GOOGL,259.91,528605,2025-10-26T00:04:16.992678
MSFT,523.50,492570,2025-10-26T00:04:17.147139
TSLA,433.59,851242,2025-10-26T00:04:17.299932
AAPL,262.74,905457,2025-10-26T00:04:20.406142
GOOGL,259.91,528605,2025-10-26T00:04:20.494337
MSFT,523.50,492570,2025-10-26T00:04:20.582155
TSLA,433.59,851242,2025-10-26T00:04:20.666686
AAPL,262.74,905457,2025-10-26T00:04:23.755493
GOOGL,259.91,528605,2025-10-26T00:04:23.839832
MSFT,523.50,492570,2025-10-26T00:04:23.919717
TSLA,433.59,851242,2025-10-26T00:04:24.160099
AAPL,262.74,905457,2025-10-26T00:04:27.340404
GOOGL,259.91,528605,2025-10-26T00:04:27.522282
MSFT,523.50,492570,2025-10-26T00:04:27.670955
TSLA,433.59,851242,2025-10-26T00:04:27.768251
AAPL,262.74,905457,2025-10-26T00:04:30.885187
GOOGL,259.91,528605,2025-10-26T00:04:30.986378
MSFT,523.50,492570,2025-10-26T00:04:31.088939
TSLA,433.59,851242,2025-10-26T00:04:31.188379
AAPL,262.74,905457,2025-10-26T00:04:34.300073
GOOGL,259.91,528605,2025-10-26T00:04:34.404251
MSFT,523.50,492570,2025-10-26T00:04:34.491924
TSLA,433.59,851242,2025-10-26T00:04:34.638258
AAPL,262.74,905457,2025-10-26T00:04:37.833283
GOOGL,259.91,528605,2025-10-26T00:04:37.993720
MSFT,523.50,492570,2025-10-26T00:04:38.140444
TSLA,433.59,851242,2025-10-26T00:04:38.251450
AAPL,262.74,905457,2025-10-26T00:04:41.371591
GOOGL,259.91,528605,2025-10-26T00:04:41.532185
MSFT,523.50,492570,2025-10-26T00:04:41.671074
TSLA,433.59,851242,2025-10-26T00:04:41.816046
AAPL,262.74,905457,2025-10-26T00:04:44.932348
GOOGL,259.91,528605,2025-10-26T00:04:45.046518
MSFT,523.50,492570,2025-10-26T00:04:45.256029
TSLA,433.59,851242,2025-10-26T00:04:45.458489
AAPL,262.74,905457,2025-10-26T00:04:48.633417
GOOGL,259.91,528605,2025-10-26T00:04:48.941572
MSFT,523.50,492570,2025-10-26T00:04:49.104683
TSLA,433.59,851242,2025-10-26T00:04:49.199729
AAPL,262.74,905457,2025-10-26T00:04:52.319133
GOOGL,259.91,528605,2025-10-26T00:04:52.419357
MSFT,523.50,492570,2025-10-26T00:04:52.519647
TSLA,433.59,851242,2025-10-26T00:04:52.618390
AAPL,262.74,905457,2025-10-26T00:04:55.727311
GOOGL,259.91,528605,2025-10-26T00:04:55.841929
MSFT,523.50,492570,2025-10-26T00:04:55.938335
TSLA,433.59,851242,2025-10-26T00:04:56.210190
AAPL,262.74,905457,2025-10-26T00:04:59.379934
GOOGL,259.91,528605,2025-10-26T00:04:59.548357
MSFT,523.50,492570,2025-10-26T00:04:59.724755
TSLA,433.59,851242,2025-10-26T00:04:59.825937
AAPL,262.74,905457,2025-10-26T00:05:03.009615
GOOGL,259.91,528605,2025-10-26T00:05:03.426115
MSFT,523.50,492570,2025-10-26T00:05:03.686048
TSLA,433.59,851242,2025-10-26T00:05:03.808858
AAPL,262.74,905457,2025-10-26T00:05:06.919910
GOOGL,259.91,528605,2025-10-26T00:05:07.069356
MSFT,523.50,492570,2025-10-26T00:05:07.180915
TSLA,433.59,851242,2025-10-26T00:05:07.335969
AAPL,262.74,905457,2025-10-26T00:05:10.520895
GOOGL,259.91,528605,2025-10-26T00:05:10.722855
MSFT,523.50,492570,2025-10-26T00:05:10.905454
TSLA,433.59,851242,2025-10-26T00:05:11.013131
AAPL,262.74,905457,2025-10-26T00:05:14.121679
GOOGL,259.91,528605,2025-10-26T00:05:14.215893
MSFT,523.50,492570,2025-10-26T00:05:14.324781
TSLA,433.59,851242,2025-10-26T00:05:14.429259
AAPL,262.74,905457,2025-10-26T00:05:17.525135
GOOGL,259.91,528605,2025-10-26T00:05:17.612515
MSFT,523.50,492570,2025-10-26T00:05:17.718525
TSLA,433.59,851242,2025-10-26T00:05:17.827092
AAPL,262.74,905457,2025-10-26T00:05:20.993569
GOOGL,259.91,528605,2025-10-26T00:05:21.302237
MSFT,523.50,492570,2025-10-26T00:05:21.444201
TSLA,433.59,851242,2025-10-26T00:05:21.597036
AAPL,262.74,905457,2025-10-26T00:05:24.688898
GOOGL,259.91,528605,2025-10-26T00:05:24.775280
MSFT,523.50,492570,2025-10-26T00:05:24.862734
TSLA,433.59,851242,2025-10-26T00:05:24.939941
AAPL,262.74,905457,2025-10-26T00:05:28.053260
GOOGL,259.91,528605,2025-10-26T00:05:28.134474
MSFT,523.50,492570,2025-10-26T00:05:28.216548
TSLA,433.59,851242,2025-10-26T00:05:28.302865
AAPL,262.74,905457,2025-10-26T00:05:31.608104
GOOGL,259.91,528605,2025-10-26T00:05:31.751491
MSFT,523.50,492570,2025-10-26T00:05:31.835165
TSLA,433.59,851242,2025-10-26T00:05:31.990273
AAPL,262.74,905457,2025-10-26T00:05:35.087498
GOOGL,259.91,528605,2025-10-26T00:05:35.174095
MSFT,523.50,492570,2025-10-26T00:05:35.320163
TSLA,433.59,851242,2025-10-26T00:05:35.401601
AAPL,262.74,905457,2025-10-26T00:05:38.495554
GOOGL,259.91,528605,2025-10-26T00:05:38.575746
MSFT,523.50,492570,2025-10-26T00:05:38.661893
TSLA,433.59,851242,2025-10-26T00:05:38.758136
AAPL,262.74,905457,2025-10-26T00:05:41.935717
GOOGL,259.91,528605,2025-10-26T00:05:42.087048
MSFT,523.50,492570,2025-10-26T00:05:42.168135
TSLA,433.59,851242,2025-10-26T00:05:42.396434
AAPL,262.74,905457,2025-10-26T00:05:45.494260
GOOGL,259.91,528605,2025-10-26T00:05:45.596764
MSFT,523.50,492570,2025-10-26T00:05:45.680124
TSLA,433.59,851242,2025-10-26T00:05:45.765710
AAPL,262.74,905457,2025-10-26T00:05:48.853047
GOOGL,259.91,528605,2025-10-26T00:05:48.940034
MSFT,523.50,492570,2025-10-26T00:05:49.075831
TSLA,433.59,851242,2025-10-26T00:05:49.162526
AAPL,262.74,905457,2025-10-26T00:05:52.301080
GOOGL,259.91,528605,2025-10-26T00:05:52.454016
MSFT,523.50,492570,2025-10-26T00:05:52.546140
TSLA,433.59,851242,2025-10-26T00:05:52.644505
AAPL,262.74,905457,2025-10-26T00:05:55.737197
GOOGL,259.91,528605,2025-10-26T00:05:55.826998
MSFT,523.50,492570,2025-10-26T00:05:55.919004
TSLA,433.59,851242,2025-10-26T00:05:56.116482
AAPL,262.74,905457,2025-10-26T00:05:59.210552
GOOGL,259.91,528605,2025-10-26T00:05:59.310061
MSFT,523.50,492570,2025-10-26T00:05:59.454336
TSLA,433.59,851242,2025-10-26T00:05:59.574023
AAPL,262.74,905457,2025-10-26T00:06:02.715451
GOOGL,259.91,528605,2025-10-26T00:06:02.801765
MSFT,523.50,492570,2025-10-26T00:06:02.893686
TSLA,433.59,851242,2025-10-26T00:06:02.986231
AAPL,262.74,905457,2025-10-26T00:06:06.314743
GOOGL,259.91,528605,2025-10-26T00:06:06.461656
MSFT,523.50,492570,2025-10-26T00:06:06.549470
TSLA,433.59,851242,2025-10-26T00:06:06.770968
AAPL,262.74,905457,2025-10-26T00:06:09.876335
GOOGL,259.91,528605,2025-10-26T00:06:09.967466
MSFT,523.50,492570,2025-10-26T00:06:10.130412
TSLA,433.59,851242,2025-10-26T00:06:10.219794
AAPL,262.74,905457,2025-10-26T00:06:13.313181
GOOGL,259.91,528605,2025-10-26T00:06:13.400893
MSFT,523.50,492570,2025-10-26T00:06:13.488759
TSLA,433.59,851242,2025-10-26T00:06:13.582087
AAPL,262.74,905457,2025-10-26T00:06:16.773224
GOOGL,259.91,528605,2025-10-26T00:06:16.933152
MSFT,523.50,492570,2025-10-26T00:06:17.019155
TSLA,433.59,851242,2025-10-26T00:06:17.211756
AAPL,262.74,905457,2025-10-26T00:06:20.310254
GOOGL,259.91,528605,2025-10-26T00:06:20.407052
MSFT,523.50,492570,2025-10-26T00:06:20.712148
TSLA,433.59,851242,2025-10-26T00:06:21.105131
AAPL,262.74,905457,2025-10-26T00:06:24.231844
GOOGL,259.91,528605,2025-10-26T00:06:24.320482
MSFT,523.50,492570,2025-10-26T00:06:24.412426
TSLA,433.59,851242,2025-10-26T00:06:24.522813
AAPL,262.74,905457,2025-10-26T00:06:27.710056
GOOGL,259.91,528605,2025-10-26T00:06:27.862715
MSFT,523.50,492570,2025-10-26T00:06:27.950676
TSLA,433.59,851242,2025-10-26T00:06:28.101409
AAPL,262.74,905457,2025-10-26T00:06:31.195371
GOOGL,259.91,528605,2025-10-26T00:06:31.282560
MSFT,523.50,492570,2025-10-26T00:06:31.450267
TSLA,433.59,851242,2025-10-26T00:06:31.565446
AAPL,262.74,905457,2025-10-26T00:06:34.661625
GOOGL,259.91,528605,2025-10-26T00:06:34.761515
MSFT,523.50,492570,2025-10-26T00:06:34.842932
TSLA,433.59,851242,2025-10-26T00:06:34.924839
AAPL,262.74,905457,2025-10-26T00:06:38.073132
GOOGL,259.91,528605,2025-10-26T00:06:38.218652
MSFT,523.50,492570,2025-10-26T00:06:38.308252
TSLA,433.59,851242,2025-10-26T00:06:38.392569
AAPL,262.74,905457,2025-10-26T00:06:41.499500
GOOGL,259.91,528605,2025-10-26T00:06:41.591641
MSFT,523.50,492570,2025-10-26T00:06:41.686036
TSLA,433.59,851242,2025-10-26T00:06:41.837767
AAPL,262.74,905457,2025-10-26T00:06:44.959180
GOOGL,259.91,528605,2025-10-26T00:06:45.057780
MSFT,523.50,492570,2025-10-26T00:06:45.267105
TSLA,433.59,851242,2025-10-26T00:06:45.367269
AAPL,262.74,905457,2025-10-26T00:06:48.558975
GOOGL,259.91,528605,2025-10-26T00:06:48.639763
MSFT,523.50,492570,2025-10-26T00:06:48.722911
TSLA,433.59,851242,2025-10-26T00:06:48.801922
AAPL,262.74,905457,2025-10-26T00:06:51.912834
GOOGL,259.91,528605,2025-10-26T00:06:52.129492
MSFT,523.50,492570,2025-10-26T00:06:52.231205
TSLA,433.59,851242,2025-10-26T00:06:52.398308
AAPL,262.74,905457,2025-10-26T02:01:07.179496
GOOGL,259.91,528605,2025-10-26T02:01:07.320989
MSFT,523.50,492570,2025-10-26T02:01:07.466996
TSLA,433.59,851242,2025-10-26T02:01:07.618100
AAPL,262.74,905457,2025-10-26T02:01:10.740444
GOOGL,259.91,528605,2025-10-26T02:01:10.833491
MSFT,523.50,492570,2025-10-26T02:01:10.914571
TSLA,433.59,851242,2025-10-26T02:01:11.029881
AAPL,262.74,905457,2025-10-26T02:01:14.153857
GOOGL,259.91,528605,2025-10-26T02:01:14.239553
MSFT,523.50,492570,2025-10-26T02:01:14.415533
TSLA,433.59,851242,2025-10-26T02:01:14.514662
AAPL,262.74,905457,2025-10-26T02:01:17.628486
GOOGL,259.91,528605,2025-10-26T02:01:17.781374
MSFT,523.50,492570,2025-10-26T02:01:17.860182
TSLA,433.59,851242,2025-10-26T02:01:17.945305
AAPL,262.74,905457,2025-10-26T02:01:21.112704
GOOGL,259.91,528605,2025-10-26T02:01:21.199288
MSFT,523.50,492570,2025-10-26T02:01:21.334829
TSLA,433.59,851242,2025-10-26T02:01:21.481073
AAPL,262.74,905457,2025-10-26T02:01:24.631711
GOOGL,259.91,528605,2025-10-26T02:01:24.723406
MSFT,523.50,492570,2025-10-26T02:01:24.809569
TSLA,433.59,851242,2025-10-26T02:01:24.891198
AAPL,262.74,905457,2025-10-26T02:01:27.978194
GOOGL,259.91,528605,2025-10-26T02:01:28.130638
MSFT,523.50,492570,2025-10-26T02:01:28.208423
TSLA,433.59,851242,2025-10-26T02:01:28.315461
AAPL,262.74,905457,2025-10-26T02:01:31.778320
GOOGL,259.91,528605,2025-10-26T02:01:31.865489
MSFT,523.50,492570,2025-10-26T02:01:32.010374
TSLA,433.59,851242,2025-10-26T02:01:32.303535
AAPL,262.74,905457,2025-10-26T02:01:35.533262
GOOGL,259.91,528605,2025-10-26T02:01:35.632679
MSFT,523.50,492570,2025-10-26T02:01:35.714621
TSLA,433.59,851242,2025-10-26T02:01:35.798578
AAPL,262.74,905457,2025-10-26T02:01:38.914475
GOOGL,259.91,528605,2025-10-26T02:01:39.065129
MSFT,523.50,492570,2025-10-26T02:01:39.173830
TSLA,433.59,851242,2025-10-26T02:01:39.253062
AAPL,262.74,905457,2025-10-26T02:01:42.406078
GOOGL,259.91,528605,2025-10-26T02:01:42.555731
MSFT,523.50,492570,2025-10-26T02:01:42.694787
TSLA,433.59,851242,2025-10-26T02:01:42.837815
AAPL,262.74,905457,2025-10-26T02:01:45.921725
GOOGL,259.91,528605,2025-10-26T02:01:45.999425
MSFT,523.50,492570,2025-10-26T02:01:46.075777
TSLA,433.59,851242,2025-10-26T02:01:46.151637
AAPL,262.74,905457,2025-10-26T02:01:49.265396
GOOGL,259.91,528605,2025-10-26T02:01:49.415055
MSFT,523.50,492570,2025-10-26T02:01:49.497418
TSLA,433.59,851242,2025-10-26T02:01:49.584421
AAPL,262.74,905457,2025-10-26T02:01:52.863186
GOOGL,259.91,528605,2025-10-26T02:01:52.958907
MSFT,523.50,492570,2025-10-26T02:01:53.108163
TSLA,433.59,851242,2025-10-26T02:01:53.252600
AAPL,262.74,905457,2025-10-26T02:01:56.514304
GOOGL,259.91,528605,2025-10-26T02:01:56.623930
MSFT,523.50,492570,2025-10-26T02:01:56.708004
TSLA,433.59,851242,2025-10-26T02:01:56.791056
AAPL,262.74,905457,2025-10-26T02:01:59.913611
GOOGL,259.91,528605,2025-10-26T02:02:00.059939
MSFT,523.50,492570,2025-10-26T02:02:00.142535
TSLA,433.59,851242,2025-10-26T02:02:00.222270
AAPL,262.74,905457,2025-10-26T02:02:03.339499
GOOGL,259.91,528605,2025-10-26T02:02:03.423826
MSFT,523.50,492570,2025-10-26T02:02:03.561572
TSLA,433.59,851242,2025-10-26T02:02:03.708955
AAPL,262.74,905457,2025-10-26T02:02:06.804364
GOOGL,259.91,528605,2025-10-26T02:02:06.886450
MSFT,523.50,492570,2025-10-26T02:02:06.971401
TSLA,433.59,851242,2025-10-26T02:02:07.059179
AAPL,262.74,905457,2025-10-26T02:02:10.266917
GOOGL,259.91,528605,2025-10-26T02:02:10.414107
MSFT,523.50,492570,2025-10-26T02:02:10.519224
TSLA,433.59,851242,2025-10-26T02:02:10.609955
AAPL,262.74,905457,2025-10-26T02:02:13.737400
GOOGL,259.91,528605,2025-10-26T02:02:13.826552
MSFT,523.50,492570,2025-10-26T02:02:13.911072
TSLA,433.59,851242,2025-10-26T02:02:14.067999
AAPL,262.74,905457,2025-10-26T02:02:17.179411
GOOGL,259.91,528605,2025-10-26T02:02:17.262336
MSFT,523.50,492570,2025-10-26T02:02:17.414200
TSLA,433.59,851242,2025-10-26T02:02:17.492817
AAPL,262.74,905457,2025-10-26T02:02:20.588807
GOOGL,259.91,528605,2025-10-26T02:02:20.672307
MSFT,523.50,492570,2025-10-26T02:02:20.764036
TSLA,433.59,851242,2025-10-26T02:02:20.852662
AAPL,262.74,905457,2025-10-26T02:02:24.096827
GOOGL,259.91,528605,2025-10-26T02:02:24.250817
MSFT,523.50,492570,2025-10-26T02:02:24.336649
TSLA,433.59,851242,2025-10-26T02:02:24.481835
AAPL,262.74,905457,2025-10-26T02:02:27.587899
GOOGL,259.91,528605,2025-10-26T02:02:27.667594
MSFT,523.50,492570,2025-10-26T02:02:27.817012
TSLA,433.59,851242,2025-10-26T02:02:27.912919
AAPL,262.74,905457,2025-10-26T02:02:31.023413
GOOGL,259.91,528605,2025-10-26T02:02:31.116834
MSFT,523.50,492570,2025-10-26T02:02:31.200001
TSLA,433.59,851242,2025-10-26T02:02:31.282568
AAPL,262.74,905457,2025-10-26T02:02:34.421129
GOOGL,259.91,528605,2025-10-26T02:02:34.500029
MSFT,523.50,492570,2025-10-26T02:02:34.591708
TSLA,433.59,851242,2025-10-26T02:02:34.672617
AAPL,262.74,905457,2025-10-26T02:02:37.788770
GOOGL,259.91,528605,2025-10-26T02:02:37.950078
MSFT,523.50,492570,2025-10-26T02:02:38.110724
TSLA,433.59,851242,2025-10-26T02:02:38.256671
AAPL,262.74,905457,2025-10-26T02:02:41.367385
GOOGL,259.91,528605,2025-10-26T02:02:41.457593
MSFT,523.50,492570,2025-10-26T02:02:41.540695
TSLA,433.59,851242,2025-10-26T02:02:41.627984
AAPL,262.74,905457,2025-10-26T02:02:44.736798
GOOGL,259.91,528605,2025-10-26T02:02:44.822381
MSFT,523.50,492570,2025-10-26T02:02:44.904881
TSLA,433.59,851242,2025-10-26T02:02:44.987055
AAPL,262.74,905457,2025-10-26T02:02:48.155780
GOOGL,259.91,528605,2025-10-26T02:02:48.302532
MSFT,523.50,492570,2025-10-26T02:02:48.455820
TSLA,433.59,851242,2025-10-26T02:02:48.535554
AAPL,262.74,905457,2025-10-26T02:02:51.624981
GOOGL,259.91,528605,2025-10-26T02:02:51.706436
MSFT,523.50,492570,2025-10-26T02:02:51.786796
TSLA,433.59,851242,2025-10-26T02:02:51.932689
AAPL,262.74,905457,2025-10-26T02:02:55.145084
GOOGL,259.91,528605,2025-10-26T02:02:55.232198
MSFT,523.50,492570,2025-10-26T02:02:55.313626
TSLA,433.59,851242,2025-10-26T02:02:55.425279
AAPL,262.74,905457,2025-10-26T02:02:58.593286
GOOGL,259.91,528605,2025-10-26T02:02:58.682086
MSFT,523.50,492570,2025-10-26T02:02:58.761796
TSLA,433.59,851242,2025-10-26T02:02:58.847556
AAPL,262.74,905457,2025-10-26T02:03:02.072771
GOOGL,259.91,528605,2025-10-26T02:03:02.218579
MSFT,523.50,492570,2025-10-26T02:03:02.356869
TSLA,433.59,851242,2025-10-26T02:03:02.519902
AAPL,262.74,905457,2025-10-26T02:03:05.613348
GOOGL,259.91,528605,2025-10-26T02:03:05.702202
MSFT,523.50,492570,2025-10-26T02:03:05.780243
TSLA,433.59,851242,2025-10-26T02:03:05.866792
AAPL,262.74,905457,2025-10-26T02:03:08.951587
GOOGL,259.91,528605,2025-10-26T02:03:09.043212
MSFT,523.50,492570,2025-10-26T02:03:09.130398
TSLA,433.59,851242,2025-10-26T02:03:09.213318
AAPL,262.74,905457,2025-10-26T02:03:12.465750
GOOGL,259.91,528605,2025-10-26T02:03:12.600915
MSFT,523.50,492570,2025-10-26T02:03:12.706399
TSLA,433.59,851242,2025-10-26T02:03:12.792233
AAPL,262.74,905457,2025-10-26T02:03:15.915641
GOOGL,259.91,528605,2025-10-26T02:03:16.009583
MSFT,523.50,492570,2025-10-26T02:03:16.152191
TSLA,433.59,851242,2025-10-26T02:03:16.301484
AAPL,262.74,905457,2025-10-26T02:03:19.393587
GOOGL,259.91,528605,2025-10-26T02:03:19.483264
MSFT,523.50,492570,2025-10-26T02:03:19.578915
TSLA,433.59,851242,2025-10-26T02:03:19.686494
AAPL,262.74,905457,2025-10-26T02:03:22.808240
GOOGL,259.91,528605,2025-10-26T02:03:22.899651
MSFT,523.50,492570,2025-10-26T02:03:22.994727
TSLA,433.59,851242,2025-10-26T02:03:23.081307
AAPL,262.74,905457,2025-10-26T02:03:26.361345
GOOGL,259.91,528605,2025-10-26T02:03:26.507390
MSFT,523.50,492570,2025-10-26T02:03:26.678957
TSLA,433.59,851242,2025-10-26T02:03:26.829207
AAPL,262.74,905457,2025-10-26T02:03:29.929079
GOOGL,259.91,528605,2025-10-26T02:03:30.011539
MSFT,523.50,492570,2025-10-26T02:03:30.094942
TSLA,433.59,851242,2025-10-26T02:03:30.174713
AAPL,262.74,905457,2025-10-26T02:03:33.295146
GOOGL,259.91,528605,2025-10-26T02:03:33.374841
MSFT,523.50,492570,2025-10-26T02:03:33.459680
TSLA,433.59,851242,2025-10-26T02:03:33.565193
AAPL,262.74,905457,2025-10-26T02:03:36.716922
GOOGL,259.91,528605,2025-10-26T02:03:36.800891
MSFT,523.50,492570,2025-10-26T02:03:36.893398
TSLA,433.59,851242,2025-10-26T02:03:36.977945
AAPL,262.74,905457,2025-10-26T02:03:40.088014
GOOGL,259.91,528605,2025-10-26T02:03:40.231905
MSFT,523.50,492570,2025-10-26T02:03:40.398445
TSLA,433.59,851242,2025-10-26T02:03:40.549331
AAPL,262.74,905457,2025-10-26T02:03:43.668265
GOOGL,259.91,528605,2025-10-26T02:03:43.751578
MSFT,523.50,492570,2025-10-26T02:03:43.833737
TSLA,433.59,851242,2025-10-26T02:03:43.922398
AAPL,262.74,905457,2025-10-26T02:03:47.088253
GOOGL,259.91,528605,2025-10-26T02:03:47.175180
MSFT,523.50,492570,2025-10-26T02:03:47.278675
TSLA,433.59,851242,2025-10-26T02:03:47.362410
AAPL,262.74,905457,2025-10-26T02:03:50.477420
GOOGL,259.91,528605,2025-10-26T02:03:50.617001
MSFT,523.50,492570,2025-10-26T02:03:50.767219
TSLA,433.59,851242,2025-10-26T02:03:50.847185
AAPL,262.74,905457,2025-10-26T02:03:53.927531
GOOGL,259.91,528605,2025-10-26T02:03:54.006550
MSFT,523.50,492570,2025-10-26T02:03:54.083176
TSLA,433.59,851242,2025-10-26T02:03:54.216526
AAPL,262.74,905457,2025-10-26T02:03:57.382632
GOOGL,259.91,528605,2025-10-26T02:03:57.470769
MSFT,523.50,492570,2025-10-26T02:03:57.556057
TSLA,433.59,851242,2025-10-26T02:03:57.634399
AAPL,262.74,905457,2025-10-26T02:04:00.728757
GOOGL,259.91,528605,2025-10-26T02:04:00.809559
MSFT,523.50,492570,2025-10-26T02:04:00.889520
TSLA,433.59,851242,2025-10-26T02:04:00.974576
AAPL,262.74,905457,2025-10-26T02:04:04.054303
GOOGL,259.91,528605,2025-10-26T02:04:04.197401
MSFT,523.50,492570,2025-10-26T02:04:04.331763
TSLA,433.59,851242,2025-10-26T02:04:04.506488
AAPL,262.74,905457,2025-10-26T02:04:07.858074
GOOGL,259.91,528605,2025-10-26T02:04:07.941719
MSFT,523.50,492570,2025-10-26T02:04:08.300931
TSLA,433.59,851242,2025-10-26T02:04:08.411369
AAPL,262.74,905457,2025-10-26T02:04:11.556050
GOOGL,259.91,528605,2025-10-26T02:04:11.636089
MSFT,523.50,492570,2025-10-26T02:04:11.721614
TSLA,433.59,851242,2025-10-26T02:04:11.807186
AAPL,262.74,905457,2025-10-26T02:04:14.897650
GOOGL,259.91,528605,2025-10-26T02:04:15.053141
MSFT,523.50,492570,2025-10-26T02:04:15.196545
TSLA,433.59,851242,2025-10-26T02:04:15.334734
AAPL,262.74,905457,2025-10-26T02:04:18.501830
GOOGL,259.91,528605,2025-10-26T02:04:18.601065
MSFT,523.50,492570,2025-10-26T02:04:18.695695
TSLA,433.59,851242,2025-10-26T02:04:18.774055
AAPL,262.74,905457,2025-10-26T02:04:21.864847
GOOGL,259.91,528605,2025-10-26T02:04:21.946934
MSFT,523.50,492570,2025-10-26T02:04:22.026836
TSLA,433.59,851242,2025-10-26T02:04:22.108841
AAPL,262.74,905457,2025-10-26T02:04:25.307088
GOOGL,259.91,528605,2025-10-26T02:04:25.453025
MSFT,523.50,492570,2025-10-26T02:04:25.593284
TSLA,433.59,851242,2025-10-26T02:04:25.698327
AAPL,262.74,905457,2025-10-26T02:04:28.782589
GOOGL,259.91,528605,2025-10-26T02:04:28.866600
MSFT,523.50,492570,2025-10-26T02:04:29.086724
TSLA,433.59,851242,2025-10-26T02:04:29.230889
AAPL,262.74,905457,2025-10-26T02:04:32.396713
GOOGL,259.91,528605,2025-10-26T02:04:32.489580
MSFT,523.50,492570,2025-10-26T02:04:32.572718
TSLA,433.59,851242,2025-10-26T02:04:32.676128
AAPL,262.74,905457,2025-10-26T02:04:35.793885
GOOGL,259.91,528605,2025-10-26T02:04:35.886584
MSFT,523.50,492570,2025-10-26T02:04:36.065975
TSLA,433.59,851242,2025-10-26T02:04:36.150019
AAPL,262.74,905457,2025-10-26T02:04:39.533570
GOOGL,259.91,528605,2025-10-26T02:04:39.672202
MSFT,523.50,492570,2025-10-26T02:04:39.841874
TSLA,433.59,851242,2025-10-26T02:04:39.981836
AAPL,262.74,905457,2025-10-26T02:04:43.123205
GOOGL,259.91,528605,2025-10-26T02:04:43.207599
MSFT,523.50,492570,2025-10-26T02:04:43.291946
TSLA,433.59,851242,2025-10-26T02:04:43.375796
AAPL,262.74,905457,2025-10-26T02:04:46.456437
GOOGL,259.91,528605,2025-10-26T02:04:46.546042
MSFT,523.50,492570,2025-10-26T02:04:46.628774
TSLA,433.59,851242,2025-10-26T02:04:46.709336
AAPL,262.74,905457,2025-10-26T02:04:49.816902
GOOGL,259.91,528605,2025-10-26T02:04:49.941441
MSFT,523.50,492570,2025-10-26T02:04:50.092887
TSLA,433.59,851242,2025-10-26T02:04:50.233920
AAPL,262.74,905457,2025-10-26T02:04:53.385235
GOOGL,259.91,528605,2025-10-26T02:04:53.526697
MSFT,523.50,492570,2025-10-26T02:04:53.614547
TSLA,433.59,851242,2025-10-26T02:04:53.697247
AAPL,262.74,905457,2025-10-26T02:04:56.782597
GOOGL,259.91,528605,2025-10-26T02:04:56.867989
MSFT,523.50,492570,2025-10-26T02:04:56.964621
TSLA,433.59,851242,2025-10-26T02:04:57.056305
AAPL,262.74,905457,2025-10-26T02:05:00.291497
GOOGL,259.91,528605,2025-10-26T02:05:00.372547
MSFT,523.50,492570,2025-10-26T02:05:00.521173
TSLA,433.59,851242,2025-10-26T02:05:00.678248
AAPL,262.74,905457,2025-10-26T02:05:03.801960
GOOGL,259.91,528605,2025-10-26T02:05:03.894467
MSFT,523.50,492570,2025-10-26T02:05:03.999247
TSLA,433.59,851242,2025-10-26T02:05:04.082558
AAPL,262.74,905457,2025-10-26T02:05:07.237507
GOOGL,259.91,528605,2025-10-26T02:05:07.384796
MSFT,523.50,492570,2025-10-26T02:05:07.477887
TSLA,433.59,851242,2025-10-26T02:05:07.557573
AAPL,262.74,905457,2025-10-26T02:05:10.644816
GOOGL,259.91,528605,2025-10-26T02:05:10.737561
MSFT,523.50,492570,2025-10-26T02:05:10.819751
TSLA,433.59,851242,2025-10-26T02:05:10.898978
AAPL,262.74,905457,2025-10-26T02:05:13.984906
GOOGL,259.91,528605,2025-10-26T02:05:14.061729
MSFT,523.50,492570,2025-10-26T02:05:14.197582
TSLA,433.59,851242,2025-10-26T02:05:14.368699
AAPL,262.74,905457,2025-10-26T02:05:17.516607
GOOGL,259.91,528605,2025-10-26T02:05:17.660823
MSFT,523.50,492570,2025-10-26T02:05:17.736846
TSLA,433.59,851242,2025-10-26T02:05:17.819894
AAPL,262.74,905457,2025-10-26T02:05:20.905202
GOOGL,259.91,528605,2025-10-26T02:05:20.983376
MSFT,523.50,492570,2025-10-26T02:05:21.061647
TSLA,433.59,851242,2025-10-26T02:05:21.139842
AAPL,262.74,905457,2025-10-26T02:05:24.238655
GOOGL,259.91,528605,2025-10-26T02:05:24.313656
MSFT,523.50,492570,2025-10-26T02:05:24.460841
TSLA,433.59,851242,2025-10-26T02:05:24.624372
AAPL,262.74,905457,2025-10-26T02:05:27.888484
GOOGL,259.91,528605,2025-10-26T02:05:27.973670
MSFT,523.50,492570,2025-10-26T02:05:28.057066
TSLA,433.59,851242,2025-10-26T02:05:28.141491
AAPL,262.74,905457,2025-10-26T02:05:31.400528
GOOGL,259.91,528605,2025-10-26T02:05:31.543601
MSFT,523.50,492570,2025-10-26T02:05:31.620257
TSLA,433.59,851242,2025-10-26T02:05:31.707651
AAPL,262.74,905457,2025-10-26T02:05:34.787658
GOOGL,259.91,528605,2025-10-26T02:05:34.877537
MSFT,523.50,492570,2025-10-26T02:05:34.953908
TSLA,433.59,851242,2025-10-26T02:05:35.158793
AAPL,262.74,905457,2025-10-26T02:05:38.240002
GOOGL,259.91,528605,2025-10-26T02:05:38.323537
MSFT,523.50,492570,2025-10-26T02:05:38.539321
TSLA,433.59,851242,2025-10-26T02:05:38.616869
AAPL,262.74,905457,2025-10-26T02:05:42.402645
GOOGL,259.91,528605,2025-10-26T02:05:42.555771
MSFT,523.50,492570,2025-10-26T02:05:42.637249
TSLA,433.59,851242,2025-10-26T02:05:42.708673
AAPL,262.74,905457,2025-10-26T02:05:45.787510
GOOGL,259.91,528605,2025-10-26T02:05:45.866224
MSFT,523.50,492570,2025-10-26T02:05:45.942738
TSLA,433.59,851242,2025-10-26T02:05:46.073272
AAPL,262.74,905457,2025-10-26T02:05:49.166011
GOOGL,259.91,528605,2025-10-26T02:05:49.251429
MSFT,523.50,492570,2025-10-26T02:05:49.416119
TSLA,433.59,851242,2025-10-26T02:05:49.500917
AAPL,262.74,905457,2025-10-26T02:05:52.668182
GOOGL,259.91,528605,2025-10-26T02:05:52.770809
MSFT,523.50,492570,2025-10-26T02:05:52.851649
TSLA,433.59,851242,2025-10-26T02:05:52.925843
AAPL,262.74,905457,2025-10-26T02:05:56.011702
GOOGL,259.91,528605,2025-10-26T02:05:56.155687
MSFT,523.50,492570,2025-10-26T02:05:56.236527
TSLA,433.59,851242,2025-10-26T02:05:56.382662
AAPL,262.74,905457,2025-10-26T02:05:59.465252
GOOGL,259.91,528605,2025-10-26T02:05:59.546986
MSFT,523.50,492570,2025-10-26T02:05:59.688490
TSLA,433.59,851242,2025-10-26T02:05:59.784227
AAPL,262.74,905457,2025-10-26T02:06:02.863670
GOOGL,259.91,528605,2025-10-26T02:06:02.957723
MSFT,523.50,492570,2025-10-26T02:06:03.038122
TSLA,433.59,851242,2025-10-26T02:06:03.124781
AAPL,262.74,905457,2025-10-26T02:06:06.305501
GOOGL,259.91,528605,2025-10-26T02:06:06.445409
MSFT,523.50,492570,2025-10-26T02:06:06.524922
TSLA,433.59,851242,2025-10-26T02:06:06.620667
AAPL,262.74,905457,2025-10-26T02:06:09.727869
GOOGL,259.91,528605,2025-10-26T02:06:09.808002
MSFT,523.50,492570,2025-10-26T02:06:09.899408
TSLA,433.59,851242,2025-10-26T02:06:10.100860
AAPL,262.74,905457,2025-10-26T02:06:13.581275
GOOGL,259.91,528605,2025-10-26T02:06:13.658266
MSFT,523.50,492570,2025-10-26T02:06:13.797481
TSLA,433.59,851242,2025-10-26T02:06:13.885785
AAPL,262.74,905457,2025-10-26T02:17:45.476383
GOOGL,259.91,528605,2025-10-26T02:17:45.615976
MSFT,523.50,492570,2025-10-26T02:17:45.766193
TSLA,433.59,851242,2025-10-26T02:17:45.931296
AAPL,262.74,905457,2025-10-26T02:17:49.045862
GOOGL,259.91,528605,2025-10-26T02:17:49.125816
MSFT,523.50,492570,2025-10-26T02:17:49.212416
TSLA,433.59,851242,2025-10-26T02:17:49.298513
AAPL,262.74,905457,2025-10-26T02:17:52.413694
GOOGL,259.91,528605,2025-10-26T02:17:52.505422
MSFT,523.50,492570,2025-10-26T02:17:52.598050
TSLA,433.59,851242,2025-10-26T02:17:52.693313
AAPL,262.74,905457,2025-10-26T02:17:55.809905
GOOGL,259.91,528605,2025-10-26T02:17:55.915269
MSFT,523.50,492570,2025-10-26T02:17:56.055812
TSLA,433.59,851242,2025-10-26T02:17:56.202641
AAPL,262.74,905457,2025-10-26T02:17:59.350784
GOOGL,259.91,528605,2025-10-26T02:17:59.498209
MSFT,523.50,492570,2025-10-26T02:17:59.608858
TSLA,433.59,851242,2025-10-26T02:17:59.690955
AAPL,262.74,905457,2025-10-26T02:18:02.775078
GOOGL,259.91,528605,2025-10-26T02:18:02.882158
MSFT,523.50,492570,2025-10-26T02:18:02.979170
TSLA,433.59,851242,2025-10-26T02:18:03.066238
AAPL,262.74,905457,2025-10-26T02:18:06.157866
GOOGL,259.91,528605,2025-10-26T02:18:06.233476
MSFT,523.50,492570,2025-10-26T02:18:06.386735
TSLA,433.59,851242,2025-10-26T02:18:06.528060
AAPL,262.74,905457,2025-10-26T02:18:09.616085
GOOGL,259.91,528605,2025-10-26T02:18:09.699794
MSFT,523.50,492570,2025-10-26T02:18:09.778528
TSLA,433.59,851242,2025-10-26T02:18:09.861811
AAPL,262.74,905457,2025-10-26T02:18:13.069987
GOOGL,259.91,528605,2025-10-26T02:18:13.220308
MSFT,523.50,492570,2025-10-26T02:18:13.310175
TSLA,433.59,851242,2025-10-26T02:18:13.395081
AAPL,262.74,905457,2025-10-26T02:18:16.493170
GOOGL,259.91,528605,2025-10-26T02:18:16.594586
MSFT,523.50,492570,2025-10-26T02:18:16.684449
TSLA,433.59,851242,2025-10-26T02:18:16.767486
AAPL,262.74,905457,2025-10-26T02:18:19.926108
GOOGL,259.91,528605,2025-10-26T02:18:20.010447
MSFT,523.50,492570,2025-10-26T02:18:20.161325
TSLA,433.59,851242,2025-10-26T02:18:20.376035
AAPL,262.74,905457,2025-10-26T02:18:23.613750
GOOGL,259.91,528605,2025-10-26T02:18:23.699558
MSFT,523.50,492570,2025-10-26T02:18:23.784091
TSLA,433.59,851242,2025-10-26T02:18:23.867086
AAPL,262.74,905457,2025-10-26T02:18:26.955161
GOOGL,259.91,528605,2025-10-26T02:18:27.099536
MSFT,523.50,492570,2025-10-26T02:18:27.202969
TSLA,433.59,851242,2025-10-26T02:18:27.401533
AAPL,262.74,905457,2025-10-26T02:18:30.576266
GOOGL,259.91,528605,2025-10-26T02:18:30.671830
MSFT,523.50,492570,2025-10-26T02:18:30.816889
TSLA,433.59,851242,2025-10-26T02:18:30.963268
AAPL,262.74,905457,2025-10-26T02:18:34.167714
GOOGL,259.91,528605,2025-10-26T02:18:34.254556
TSLA,433.59,851242,2025-10-26T02:18:34.437534
AAPL,262.74,905457,2025-10-26T03:08:21.517463
GOOGL,259.91,528605,2025-10-26T03:08:21.672589
MSFT,523.50,492570,2025-10-26T03:08:21.824378
TSLA,433.59,851242,2025-10-26T03:08:21.976731
AAPL,262.74,905457,2025-10-26T03:08:25.071835
GOOGL,259.91,528605,2025-10-26T03:08:25.142527
MSFT,523.50,492570,2025-10-26T03:08:25.207734
TSLA,433.59,851242,2025-10-26T03:08:25.275956
AAPL,262.74,905457,2025-10-26T03:08:28.386910
GOOGL,259.91,528605,2025-10-26T03:08:28.458366
MSFT,523.50,492570,2025-10-26T03:08:28.528206
TSLA,433.59,851242,2025-10-26T03:08:28.601145
AAPL,262.74,905457,2025-10-26T03:08:31.711976
GOOGL,259.91,528605,2025-10-26T03:08:31.777658
MSFT,523.50,492570,2025-10-26T03:08:31.855322
TSLA,433.59,851242,2025-10-26T03:08:31.998988
AAPL,262.74,905457,2025-10-26T03:08:35.193185
GOOGL,259.91,528605,2025-10-26T03:08:35.350596
MSFT,523.50,492570,2025-10-26T03:08:35.673912
TSLA,433.59,851242,2025-10-26T03:08:35.751637
AAPL,262.74,905457,2025-10-26T03:08:38.832597
GOOGL,259.91,528605,2025-10-26T03:08:38.917614
MSFT,523.50,492570,2025-10-26T03:08:38.989536
TSLA,433.59,851242,2025-10-26T03:08:39.087334
AAPL,262.74,905457,2025-10-26T03:08:42.166148
GOOGL,259.91,528605,2025-10-26T03:08:42.239974
MSFT,523.50,492570,2025-10-26T03:08:42.334628
TSLA,433.59,851242,2025-10-26T03:08:42.491474
AAPL,262.74,905457,2025-10-26T03:08:45.603462
GOOGL,259.91,528605,2025-10-26T03:08:45.677937
MSFT,523.50,492570,2025-10-26T03:08:45.744448
TSLA,433.59,851242,2025-10-26T03:08:45.821799
AAPL,262.74,905457,2025-10-26T03:08:48.977157
GOOGL,259.91,528605,2025-10-26T03:08:49.131148
MSFT,523.50,492570,2025-10-26T03:08:49.267192
TSLA,433.59,851242,2025-10-26T03:08:49.436311
AAPL,262.74,905457,2025-10-26T03:08:52.523155
GOOGL,259.91,528605,2025-10-26T03:08:52.639922
MSFT,523.50,492570,2025-10-26T03:08:52.713196
TSLA,433.59,851242,2025-10-26T03:08:52.781572
AAPL,262.74,905457,2025-10-26T03:08:55.907156
GOOGL,259.91,528605,2025-10-26T03:08:56.021491
MSFT,523.50,492570,2025-10-26T03:08:56.097756
TSLA,433.59,851242,2025-10-26T03:08:56.308600
AAPL,262.74,905457,2025-10-26T03:08:59.562783
GOOGL,259.91,528605,2025-10-26T03:08:59.635712
MSFT,523.50,492570,2025-10-26T03:08:59.705286
TSLA,433.59,851242,2025-10-26T03:08:59.775341
AAPL,262.74,905457,2025-10-26T03:09:02.851220
GOOGL,259.91,528605,2025-10-26T03:09:03.221159
MSFT,523.50,492570,2025-10-26T03:09:03.427101
TSLA,433.59,851242,2025-10-26T03:09:03.504073
AAPL,262.74,905457,2025-10-26T03:09:06.640577
GOOGL,259.91,528605,2025-10-26T03:09:06.709217
MSFT,523.50,492570,2025-10-26T03:09:06.783468
TSLA,433.59,851242,2025-10-26T03:09:06.939679
AAPL,262.74,905457,2025-10-26T03:09:10.181795
GOOGL,259.91,528605,2025-10-26T03:09:10.252319
MSFT,523.50,492570,2025-10-26T03:09:10.321584
TSLA,433.59,851242,2025-10-26T03:09:10.397463
AAPL,262.74,905457,2025-10-26T03:09:13.498637
GOOGL,259.91,528605,2025-10-26T03:09:13.647787
MSFT,523.50,492570,2025-10-26T03:09:13.716883
TSLA,433.59,851242,2025-10-26T03:09:13.785457
AAPL,262.74,905457,2025-10-26T03:09:16.878595
GOOGL,259.91,528605,2025-10-26T03:09:16.956019
MSFT,523.50,492570,2025-10-26T03:09:17.121881
TSLA,433.59,851242,2025-10-26T03:09:17.276299
AAPL,262.74,905457,2025-10-26T03:09:20.459306
GOOGL,259.91,528605,2025-10-26T03:09:20.556452
MSFT,523.50,492570,2025-10-26T03:09:20.631721
TSLA,433.59,851242,2025-10-26T03:09:20.697675
AAPL,262.74,905457,2025-10-26T03:09:23.832376
GOOGL,259.91,528605,2025-10-26T03:09:23.903634
MSFT,523.50,492570,2025-10-26T03:09:23.975199
TSLA,433.59,851242,2025-10-26T03:09:24.053021
AAPL,262.74,905457,2025-10-26T03:09:27.129180
GOOGL,259.91,528605,2025-10-26T03:09:27.291806
MSFT,523.50,492570,2025-10-26T03:09:27.447139
TSLA,433.59,851242,2025-10-26T03:09:27.522312
AAPL,262.74,905457,2025-10-26T03:09:30.636694
GOOGL,259.91,528605,2025-10-26T03:09:30.718205
MSFT,523.50,492570,2025-10-26T03:09:30.795623
TSLA,433.59,851242,2025-10-26T03:09:30.943602
AAPL,262.74,905457,2025-10-26T03:09:34.117042
GOOGL,259.91,528605,2025-10-26T03:09:34.192660
MSFT,523.50,492570,2025-10-26T03:09:34.262168
TSLA,433.59,851242,2025-10-26T03:09:34.339649
AAPL,262.74,905457,2025-10-26T03:09:37.436806
GOOGL,259.91,528605,2025-10-26T03:09:37.583864
MSFT,523.50,492570,2025-10-26T03:09:37.651186
TSLA,433.59,851242,2025-10-26T03:09:37.722453
AAPL,262.74,905457,2025-10-26T03:09:40.824164
GOOGL,259.91,528605,2025-10-26T03:09:40.898278
MSFT,523.50,492570,2025-10-26T03:09:41.041062
TSLA,433.59,851242,2025-10-26T03:09:41.190216
AAPL,262.74,905457,2025-10-26T03:09:44.357720
GOOGL,259.91,528605,2025-10-26T03:09:44.435070
MSFT,523.50,492570,2025-10-26T03:09:44.509440
TSLA,433.59,851242,2025-10-26T03:09:44.585941
AAPL,262.74,905457,2025-10-26T03:09:47.663305
GOOGL,259.91,528605,2025-10-26T03:09:47.737035
MSFT,523.50,492570,2025-10-26T03:09:47.810939
TSLA,433.59,851242,2025-10-26T03:09:47.903913
AAPL,262.74,905457,2025-10-26T03:09:51.002192
GOOGL,259.91,528605,2025-10-26T03:09:51.155504
MSFT,523.50,492570,2025-10-26T03:09:51.304320
TSLA,433.59,851242,2025-10-26T03:09:51.450580
AAPL,262.74,905457,2025-10-26T03:09:54.549951
GOOGL,259.91,528605,2025-10-26T03:09:54.615511
MSFT,523.50,492570,2025-10-26T03:09:54.709560
TSLA,433.59,851242,2025-10-26T03:09:54.782897
AAPL,262.74,905457,2025-10-26T03:09:58.001994
GOOGL,259.91,528605,2025-10-26T03:09:58.079187
MSFT,523.50,492570,2025-10-26T03:09:58.148492
TSLA,433.59,851242,2025-10-26T03:09:58.220853
AAPL,262.74,905457,2025-10-26T03:10:01.322494
GOOGL,259.91,528605,2025-10-26T03:10:01.393493
MSFT,523.50,492570,2025-10-26T03:10:01.460698
TSLA,433.59,851242,2025-10-26T03:10:01.534250
AAPL,262.74,905457,2025-10-26T03:10:04.616683
GOOGL,259.91,528605,2025-10-26T03:10:04.790923
MSFT,523.50,492570,2025-10-26T03:10:04.933081
TSLA,433.59,851242,2025-10-26T03:10:05.079650
AAPL,262.74,905457,2025-10-26T03:10:08.255159
GOOGL,259.91,528605,2025-10-26T03:10:08.325259
MSFT,523.50,492570,2025-10-26T03:10:08.389558
TSLA,433.59,851242,2025-10-26T03:10:08.458574
AAPL,262.74,905457,2025-10-26T03:10:11.530081
GOOGL,259.91,528605,2025-10-26T03:10:11.600835
MSFT,523.50,492570,2025-10-26T03:10:11.677211
TSLA,433.59,851242,2025-10-26T03:10:11.758527
AAPL,262.74,905457,2025-10-26T03:10:14.852233
GOOGL,259.91,528605,2025-10-26T03:10:14.929956
MSFT,523.50,492570,2025-10-26T03:10:15.092525
TSLA,433.59,851242,2025-10-26T03:10:15.235936
AAPL,262.74,905457,2025-10-26T03:10:18.334444
GOOGL,259.91,528605,2025-10-26T03:10:18.482499
MSFT,523.50,492570,2025-10-26T03:10:18.557106
TSLA,433.59,851242,2025-10-26T03:10:18.632266
AAPL,262.74,905457,2025-10-26T03:10:21.800948
GOOGL,259.91,528605,2025-10-26T03:10:21.875072
MSFT,523.50,492570,2025-10-26T03:10:21.946406
TSLA,433.59,851242,2025-10-26T03:10:22.019741
AAPL,262.74,905457,2025-10-26T03:10:25.114634
GOOGL,259.91,528605,2025-10-26T03:10:25.187403
MSFT,523.50,492570,2025-10-26T03:10:25.342830
TSLA,433.59,851242,2025-10-26T03:10:25.418867
AAPL,262.74,905457,2025-10-26T03:10:28.525330
GOOGL,259.91,528605,2025-10-26T03:10:28.603625
MSFT,523.50,492570,2025-10-26T03:10:28.679667
TSLA,433.59,851242,2025-10-26T03:10:28.838087
AAPL,262.74,905457,2025-10-26T03:10:31.941102
GOOGL,259.91,528605,2025-10-26T03:10:32.097505
MSFT,523.50,492570,2025-10-26T03:10:32.166814
TSLA,433.59,851242,2025-10-26T03:10:32.239369
AAPL,262.74,905457,2025-10-26T03:10:35.512665
GOOGL,259.91,528605,2025-10-26T03:10:35.623621
MSFT,523.50,492570,2025-10-26T03:10:35.770122
TSLA,433.59,851242,2025-10-26T03:10:35.848776
AAPL,262.74,905457,2025-10-26T03:10:38.953490
GOOGL,259.91,528605,2025-10-26T03:10:39.027837
MSFT,523.50,492570,2025-10-26T03:10:39.098388
TSLA,433.59,851242,2025-10-26T03:10:39.253642
AAPL,262.74,905457,2025-10-26T03:10:42.357842
GOOGL,259.91,528605,2025-10-26T03:10:42.503002
MSFT,523.50,492570,2025-10-26T03:10:42.565886
TSLA,433.59,851242,2025-10-26T03:10:42.646260
AAPL,262.74,905457,2025-10-26T03:10:45.834199
GOOGL,259.91,528605,2025-10-26T03:10:45.914593
MSFT,523.50,492570,2025-10-26T03:10:46.077104
TSLA,433.59,851242,2025-10-26T03:10:46.162998
AAPL,262.74,905457,2025-10-26T03:10:49.384229
GOOGL,259.91,528605,2025-10-26T03:10:49.454316
MSFT,523.50,492570,2025-10-26T03:10:49.527120
TSLA,433.59,851242,2025-10-26T03:10:49.670421
AAPL,262.74,905457,2025-10-26T03:10:52.790667
GOOGL,259.91,528605,2025-10-26T03:10:52.859873
MSFT,523.50,492570,2025-10-26T03:10:52.930424
TSLA,433.59,851242,2025-10-26T03:10:53.004056
AAPL,262.74,905457,2025-10-26T03:10:56.123254
GOOGL,259.91,528605,2025-10-26T03:10:56.277151
MSFT,523.50,492570,2025-10-26T03:10:56.429434
TSLA,433.59,851242,2025-10-26T03:10:56.498758
AAPL,262.74,905457,2025-10-26T03:10:59.604143
GOOGL,259.91,528605,2025-10-26T03:10:59.679898
MSFT,523.50,492570,2025-10-26T03:10:59.750588
TSLA,433.59,851242,2025-10-26T03:10:59.831196
AAPL,262.74,905457,2025-10-26T03:11:03.039740
GOOGL,259.91,528605,2025-10-26T03:11:03.108899
MSFT,523.50,492570,2025-10-26T03:11:03.193553
TSLA,433.59,851242,2025-10-26T03:11:03.347602
AAPL,262.74,905457,2025-10-26T03:11:06.436402
GOOGL,259.91,528605,2025-10-26T03:11:06.600649
MSFT,523.50,492570,2025-10-26T03:11:06.668484
TSLA,433.59,851242,2025-10-26T03:11:06.745030
AAPL,262.74,905457,2025-10-26T03:11:09.842271
GOOGL,259.91,528605,2025-10-26T03:11:09.913363
MSFT,523.50,492570,2025-10-26T03:11:10.073869
TSLA,433.59,851242,2025-10-26T03:11:10.148688
AAPL,262.74,905457,2025-10-26T03:11:13.368683
GOOGL,259.91,528605,2025-10-26T03:11:13.445600
MSFT,523.50,492570,2025-10-26T03:11:13.523447
TSLA,433.59,851242,2025-10-26T03:11:13.597287
AAPL,262.74,905457,2025-10-26T03:11:16.677073
GOOGL,259.91,528605,2025-10-26T03:11:16.751924
MSFT,523.50,492570,2025-10-26T03:11:16.829341
TSLA,433.59,851242,2025-10-26T03:11:16.990850
AAPL,262.74,905457,2025-10-26T03:11:20.076694
GOOGL,259.91,528605,2025-10-26T03:11:20.236755
MSFT,523.50,492570,2025-10-26T03:11:20.387386
TSLA,433.59,851242,2025-10-26T03:11:20.459727
AAPL,262.74,905457,2025-10-26T03:11:23.630089
GOOGL,259.91,528605,2025-10-26T03:11:23.693432
MSFT,523.50,492570,2025-10-26T03:11:23.766119
TSLA,433.59,851242,2025-10-26T03:11:23.834686
AAPL,262.74,905457,2025-10-26T03:11:26.939568
GOOGL,259.91,528605,2025-10-26T03:11:27.017928
MSFT,523.50,492570,2025-10-26T03:11:27.086671
TSLA,433.59,851242,2025-10-26T03:11:27.228206
AAPL,262.74,905457,2025-10-26T03:11:30.315641
GOOGL,259.91,528605,2025-10-26T03:11:30.463548
MSFT,523.50,492570,2025-10-26T03:11:30.552977
TSLA,433.59,851242,2025-10-26T03:11:30.621285
AAPL,262.74,905457,2025-10-26T03:11:33.696287
GOOGL,259.91,528605,2025-10-26T03:11:33.760824
MSFT,523.50,492570,2025-10-26T03:11:33.908934
TSLA,433.59,851242,2025-10-26T03:11:33.974244
AAPL,262.74,905457,2025-10-26T03:11:37.128236
GOOGL,259.91,528605,2025-10-26T03:11:37.203584
MSFT,523.50,492570,2025-10-26T03:11:37.282216
TSLA,433.59,851242,2025-10-26T03:11:37.359413
AAPL,262.74,905457,2025-10-26T03:11:40.437366
GOOGL,259.91,528605,2025-10-26T03:11:40.587371
MSFT,523.50,492570,2025-10-26T03:11:40.659570
TSLA,433.59,851242,2025-10-26T03:11:40.803036
AAPL,262.74,905457,2025-10-26T03:11:43.925856
GOOGL,259.91,528605,2025-10-26T03:11:44.006211
MSFT,523.50,492570,2025-10-26T03:11:44.166949
TSLA,433.59,851242,2025-10-26T03:11:44.237477
AAPL,262.74,905457,2025-10-26T03:11:47.337338
GOOGL,259.91,528605,2025-10-26T03:11:47.410920
MSFT,523.50,492570,2025-10-26T03:11:47.476424
TSLA,433.59,851242,2025-10-26T03:11:47.551318
AAPL,262.74,905457,2025-10-26T03:11:50.715097
GOOGL,259.91,528605,2025-10-26T03:11:50.786236
MSFT,523.50,492570,2025-10-26T03:11:50.863611
TSLA,433.59,851242,2025-10-26T03:11:50.935266
AAPL,262.74,905457,2025-10-26T03:11:54.025237
GOOGL,259.91,528605,2025-10-26T03:11:54.169240
MSFT,523.50,492570,2025-10-26T03:11:54.318161
TSLA,433.59,851242,2025-10-26T03:11:54.466423
AAPL,262.74,905457,2025-10-26T03:11:57.577286
GOOGL,259.91,528605,2025-10-26T03:11:57.654246
MSFT,523.50,492570,2025-10-26T03:11:57.805209
TSLA,433.59,851242,2025-10-26T03:11:57.890863
AAPL,262.74,905457,2025-10-26T03:12:01.067243
GOOGL,259.91,528605,2025-10-26T03:12:01.148421
MSFT,523.50,492570,2025-10-26T03:12:01.224272
TSLA,433.59,851242,2025-10-26T03:12:01.289322
AAPL,262.74,905457,2025-10-26T03:12:04.393932
GOOGL,259.91,528605,2025-10-26T03:12:04.475102
MSFT,523.50,492570,2025-10-26T03:12:04.552879
TSLA,433.59,851242,2025-10-26T03:12:04.623051
AAPL,262.74,905457,2025-10-26T03:12:07.747018
GOOGL,259.91,528605,2025-10-26T03:12:07.905338
MSFT,523.50,492570,2025-10-26T03:12:08.060582
TSLA,433.59,851242,2025-10-26T03:12:08.232745
AAPL,262.74,905457,2025-10-26T03:12:11.387827
GOOGL,259.91,528605,2025-10-26T03:12:11.463318
MSFT,523.50,492570,2025-10-26T03:12:11.547490
TSLA,433.59,851242,2025-10-26T03:12:11.635845
AAPL,262.74,905457,2025-10-26T03:12:14.745302
GOOGL,259.91,528605,2025-10-26T03:12:14.812200
MSFT,523.50,492570,2025-10-26T03:12:14.876205
TSLA,433.59,851242,2025-10-26T03:12:14.943155
AAPL,262.74,905457,2025-10-26T03:12:18.016514
GOOGL,259.91,528605,2025-10-26T03:12:18.182490
MSFT,523.50,492570,2025-10-26T03:12:18.338348
TSLA,433.59,851242,2025-10-26T03:12:18.490891
AAPL,262.74,905457,2025-10-26T03:12:21.597395
GOOGL,259.91,528605,2025-10-26T03:12:21.660606
MSFT,523.50,492570,2025-10-26T03:12:21.754190
TSLA,433.59,851242,2025-10-26T03:12:21.835558
AAPL,262.74,905457,2025-10-26T03:12:25.048675
GOOGL,259.91,528605,2025-10-26T03:12:25.118054
MSFT,523.50,492570,2025-10-26T03:12:25.195681
TSLA,433.59,851242,2025-10-26T03:12:25.271674
AAPL,262.74,905457,2025-10-26T03:12:28.349805
GOOGL,259.91,528605,2025-10-26T03:12:28.419842
MSFT,523.50,492570,2025-10-26T03:12:28.493504
TSLA,433.59,851242,2025-10-26T03:12:28.564642
AAPL,262.74,905457,2025-10-26T03:12:31.676726
GOOGL,259.91,528605,2025-10-26T03:12:31.838255
MSFT,523.50,492570,2025-10-26T03:12:32.215870
TSLA,433.59,851242,2025-10-26T03:12:32.369643
AAPL,262.74,905457,2025-10-26T03:12:35.534348
GOOGL,259.91,528605,2025-10-26T03:12:35.608997
MSFT,523.50,492570,2025-10-26T03:12:35.675430
TSLA,433.59,851242,2025-10-26T03:12:35.742473
AAPL,262.74,905457,2025-10-26T03:12:38.844836
GOOGL,259.91,528605,2025-10-26T03:12:38.915852
MSFT,523.50,492570,2025-10-26T03:12:39.027016
TSLA,433.59,851242,2025-10-26T03:12:39.093382
AAPL,262.74,905457,2025-10-26T03:12:42.178735
GOOGL,259.91,528605,2025-10-26T03:12:42.327286
MSFT,523.50,492570,2025-10-26T03:12:42.462096
TSLA,433.59,851242,2025-10-26T03:12:42.540915
AAPL,262.74,905457,2025-10-26T03:12:45.666780
GOOGL,259.91,528605,2025-10-26T03:12:45.737026
MSFT,523.50,492570,2025-10-26T03:12:45.896724
TSLA,433.59,851242,2025-10-26T03:12:46.067615
AAPL,262.74,905457,2025-10-26T03:12:49.268403
GOOGL,259.91,528605,2025-10-26T03:12:49.335872
MSFT,523.50,492570,2025-10-26T03:12:49.408723
TSLA,433.59,851242,2025-10-26T03:12:49.478817
AAPL,262.74,905457,2025-10-26T03:12:52.577812
GOOGL,259.91,528605,2025-10-26T03:12:52.658721
MSFT,523.50,492570,2025-10-26T03:12:52.730139
TSLA,433.59,851242,2025-10-26T03:12:52.796786
AAPL,262.74,905457,2025-10-26T03:12:55.899445
GOOGL,259.91,528605,2025-10-26T03:12:56.044089
MSFT,523.50,492570,2025-10-26T03:12:56.185720
TSLA,433.59,851242,2025-10-26T03:12:56.260065
AAPL,262.74,905457,2025-10-26T03:12:59.356000
GOOGL,259.91,528605,2025-10-26T03:12:59.436132
MSFT,523.50,492570,2025-10-26T03:12:59.508260
TSLA,433.59,851242,2025-10-26T03:12:59.651355
AAPL,262.74,905457,2025-10-26T03:13:02.840949
GOOGL,259.91,528605,2025-10-26T03:13:02.908276
MSFT,523.50,492570,2025-10-26T03:13:02.974014
TSLA,433.59,851242,2025-10-26T03:13:03.050089
AAPL,262.74,905457,2025-10-26T03:13:06.156929
GOOGL,259.91,528605,2025-10-26T03:13:06.310454
MSFT,523.50,492570,2025-10-26T03:13:06.394427
TSLA,433.59,851242,2025-10-26T03:13:06.472855
AAPL,262.74,905457,2025-10-26T03:13:09.580834
GOOGL,259.91,528605,2025-10-26T03:13:09.679066
MSFT,523.50,492570,2025-10-26T03:13:09.829345
TSLA,433.59,851242,2025-10-26T03:13:09.902570
AAPL,262.74,905457,2025-10-26T03:13:13.098830
GOOGL,259.91,528605,2025-10-26T03:13:13.159803
MSFT,523.50,492570,2025-10-26T03:13:13.234801
TSLA,433.59,851242,2025-10-26T03:13:13.380023
AAPL,262.74,905457,2025-10-26T03:13:16.489424
GOOGL,259.91,528605,2025-10-26T03:13:16.571399
MSFT,523.50,492570,2025-10-26T03:13:16.642599
TSLA,433.59,851242,2025-10-26T03:13:16.716541
AAPL,262.74,905457,2025-10-26T03:13:19.936897
GOOGL,259.91,528605,2025-10-26T03:13:20.090911
MSFT,523.50,492570,2025-10-26T03:13:20.238948
TSLA,433.59,851242,2025-10-26T03:13:20.308151
AAPL,262.74,905457,2025-10-26T03:13:23.518486
GOOGL,259.91,528605,2025-10-26T03:13:23.590455
MSFT,523.50,492570,2025-10-26T03:13:23.657772
TSLA,433.59,851242,2025-10-26T03:13:23.755966
AAPL,262.74,905457,2025-10-26T03:13:26.830125
GOOGL,259.91,528605,2025-10-26T03:13:26.901474
MSFT,523.50,492570,2025-10-26T03:13:26.972026
TSLA,433.59,851242,2025-10-26T03:13:27.120255
AAPL,262.74,905457,2025-10-26T03:13:30.233435
GOOGL,259.91,528605,2025-10-26T03:13:30.391872
MSFT,523.50,492570,2025-10-26T03:13:30.488316
TSLA,433.59,851242,2025-10-26T03:13:30.559526
AAPL,262.74,905457,2025-10-26T03:13:33.658300
GOOGL,259.91,528605,2025-10-26T03:13:33.726372
MSFT,523.50,492570,2025-10-26T03:13:33.882925
TSLA,433.59,851242,2025-10-26T03:13:33.953838
AAPL,262.74,905457,2025-10-26T03:13:37.114997
GOOGL,259.91,528605,2025-10-26T03:13:37.187151
MSFT,523.50,492570,2025-10-26T03:13:37.270656
TSLA,433.59,851242,2025-10-26T03:13:37.415484
AAPL,262.74,905457,2025-10-26T03:13:40.514410
GOOGL,259.91,528605,2025-10-26T03:13:40.592132
MSFT,523.50,492570,2025-10-26T03:13:40.673912
TSLA,433.59,851242,2025-10-26T03:13:40.745191
AAPL,262.74,905457,2025-10-26T03:13:43.835536
GOOGL,259.91,528605,2025-10-26T03:13:43.982189
MSFT,523.50,492570,2025-10-26T03:13:44.136382
TSLA,433.59,851242,2025-10-26T03:13:44.240834
AAPL,262.74,905457,2025-10-26T03:13:47.315071
GOOGL,259.91,528605,2025-10-26T03:13:47.394892
MSFT,523.50,492570,2025-10-26T03:13:47.465573
TSLA,433.59,851242,2025-10-26T03:13:47.539401
AAPL,262.74,905457,2025-10-26T03:13:50.706425
GOOGL,259.91,528605,2025-10-26T03:13:50.776584
MSFT,523.50,492570,2025-10-26T03:13:50.846302
TSLA,433.59,851242,2025-10-26T03:13:50.981298
AAPL,262.74,905457,2025-10-26T03:13:54.061087
GOOGL,259.91,528605,2025-10-26T03:13:54.205428
MSFT,523.50,492570,2025-10-26T03:13:54.352525
TSLA,433.59,851242,2025-10-26T03:13:54.425632
AAPL,262.74,905457,2025-10-26T03:13:57.497861
GOOGL,259.91,528605,2025-10-26T03:13:57.570293
MSFT,523.50,492570,2025-10-26T03:13:57.637869
TSLA,433.59,851242,2025-10-26T03:13:57.710697
AAPL,262.74,905457,2025-10-26T03:14:00.794522
GOOGL,259.91,528605,2025-10-26T03:14:00.880893
MSFT,523.50,492570,2025-10-26T03:14:00.956388
TSLA,433.59,851242,2025-10-26T03:14:01.105687
AAPL,262.74,905457,2025-10-26T03:14:04.285763
GOOGL,259.91,528605,2025-10-26T03:14:04.436056
MSFT,523.50,492570,2025-10-26T03:14:04.590070
TSLA,433.59,851242,2025-10-26T03:14:04.653965
AAPL,262.74,905457,2025-10-26T03:14:07.753253
GOOGL,259.91,528605,2025-10-26T03:14:07.827143
MSFT,523.50,492570,2025-10-26T03:14:07.899377
TSLA,433.59,851242,2025-10-26T03:14:07.989128
AAPL,262.74,905457,2025-10-26T03:14:11.063164
GOOGL,259.91,528605,2025-10-26T03:14:11.137881
MSFT,523.50,492570,2025-10-26T03:14:11.207081
TSLA,433.59,851242,2025-10-26T03:14:11.366401
AAPL,262.74,905457,2025-10-26T03:14:14.522285
GOOGL,259.91,528605,2025-10-26T03:14:14.591264
MSFT,523.50,492570,2025-10-26T03:14:14.659034
TSLA,433.59,851242,2025-10-26T03:14:14.727727
AAPL,262.74,905457,2025-10-26T03:14:17.821610
GOOGL,259.91,528605,2025-10-26T03:14:17.980059
MSFT,523.50,492570,2025-10-26T03:14:18.122698
TSLA,433.59,851242,2025-10-26T03:14:18.191175
AAPL,262.74,905457,2025-10-26T03:14:21.294830
GOOGL,259.91,528605,2025-10-26T03:14:21.372852
MSFT,523.50,492570,2025-10-26T03:14:21.450376
TSLA,433.59,851242,2025-10-26T03:14:21.517119
AAPL,262.74,905457,2025-10-26T03:14:24.631769
GOOGL,259.91,528605,2025-10-26T03:14:24.704947
MSFT,523.50,492570,2025-10-26T03:14:24.780429
TSLA,433.59,851242,2025-10-26T03:14:24.939686
AAPL,262.74,905457,2025-10-26T03:14:28.094529
GOOGL,259.91,528605,2025-10-26T03:14:28.244256
MSFT,523.50,492570,2025-10-26T03:14:28.310175
TSLA,433.59,851242,2025-10-26T03:14:28.384828
AAPL,262.74,905457,2025-10-26T03:14:31.460594
GOOGL,259.91,528605,2025-10-26T03:14:31.526187
MSFT,523.50,492570,2025-10-26T03:14:31.670688
TSLA,433.59,851242,2025-10-26T03:14:31.736976
AAPL,262.74,905457,2025-10-26T03:14:34.816163
GOOGL,259.91,528605,2025-10-26T03:14:34.892419
MSFT,523.50,492570,2025-10-26T03:14:34.968345
TSLA,433.59,851242,2025-10-26T03:14:35.113893
AAPL,262.74,905457,2025-10-26T03:14:38.308480
GOOGL,259.91,528605,2025-10-26T03:14:38.455958
MSFT,523.50,492570,2025-10-26T03:14:38.528745
TSLA,433.59,851242,2025-10-26T03:14:38.608509
AAPL,262.74,905457,2025-10-26T03:14:41.677524
GOOGL,259.91,528605,2025-10-26T03:14:41.753235
MSFT,523.50,492570,2025-10-26T03:14:41.834900
TSLA,433.59,851242,2025-10-26T03:14:41.909045
AAPL,262.74,905457,2025-10-26T03:14:45.016325
GOOGL,259.91,528605,2025-10-26T03:14:45.107943
MSFT,523.50,492570,2025-10-26T03:14:45.253940
TSLA,433.59,851242,2025-10-26T03:14:45.399427
AAPL,262.74,905457,2025-10-26T03:14:48.491571
GOOGL,259.91,528605,2025-10-26T03:14:48.572922
MSFT,523.50,492570,2025-10-26T03:14:48.644693
TSLA,433.59,851242,2025-10-26T03:14:48.716061
AAPL,262.74,905457,2025-10-26T03:14:52.007983
GOOGL,259.91,528605,2025-10-26T03:14:52.172761
MSFT,523.50,492570,2025-10-26T03:14:52.272774
TSLA,433.59,851242,2025-10-26T03:14:52.444401
AAPL,262.74,905457,2025-10-26T03:14:55.521531
GOOGL,259.91,528605,2025-10-26T03:14:55.604338
MSFT,523.50,492570,2025-10-26T03:14:55.679159
TSLA,433.59,851242,2025-10-26T03:14:55.758425
AAPL,262.74,905457,2025-10-26T03:14:58.838655
GOOGL,259.91,528605,2025-10-26T03:14:58.908872
MSFT,523.50,492570,2025-10-26T03:14:59.056771
TSLA,433.59,851242,2025-10-26T03:14:59.198864
AAPL,262.74,905457,2025-10-26T03:15:02.388929
GOOGL,259.91,528605,2025-10-26T03:15:02.456070
MSFT,523.50,492570,2025-10-26T03:15:02.524798
TSLA,433.59,851242,2025-10-26T03:15:02.599881
AAPL,262.74,905457,2025-10-26T03:15:05.695465
GOOGL,259.91,528605,2025-10-26T03:15:05.854856
MSFT,523.50,492570,2025-10-26T03:15:05.926827
TSLA,433.59,851242,2025-10-26T03:15:05.998868
AAPL,262.74,905457,2025-10-26T03:15:09.102548
GOOGL,259.91,528605,2025-10-26T03:15:09.181750
MSFT,523.50,492570,2025-10-26T03:15:09.336776
TSLA,433.59,851242,2025-10-26T03:15:09.426565
AAPL,262.74,905457,2025-10-26T03:15:12.554316
GOOGL,259.91,528605,2025-10-26T03:15:12.630517
MSFT,523.50,492570,2025-10-26T03:15:12.700848
TSLA,433.59,851242,2025-10-26T03:15:12.846106
AAPL,262.74,905457,2025-10-26T03:15:16.037830
GOOGL,259.91,528605,2025-10-26T03:15:16.186930
MSFT,523.50,492570,2025-10-26T03:15:16.253033
TSLA,433.59,851242,2025-10-26T03:15:16.391036
AAPL,262.74,905457,2025-10-26T03:15:19.477595
GOOGL,259.91,528605,2025-10-26T03:15:19.549931
MSFT,523.50,492570,2025-10-26T03:15:19.694279
TSLA,433.59,851242,2025-10-26T03:15:19.768045
AAPL,262.74,905457,2025-10-26T03:15:22.867634
GOOGL,259.91,528605,2025-10-26T03:15:22.934674
MSFT,523.50,492570,2025-10-26T03:15:23.006651
TSLA,433.59,851242,2025-10-26T03:15:23.156314
AAPL,262.74,905457,2025-10-26T03:15:26.333442
GOOGL,259.91,528605,2025-10-26T03:15:26.473337
MSFT,523.50,492570,2025-10-26T03:15:26.543100
TSLA,433.59,851242,2025-10-26T03:15:26.629297
AAPL,262.74,905457,2025-10-26T03:15:29.706270
GOOGL,259.91,528605,2025-10-26T03:15:29.784966
MSFT,523.50,492570,2025-10-26T03:15:29.870096
TSLA,433.59,851242,2025-10-26T03:15:29.972461
AAPL,262.74,905457,2025-10-26T03:15:33.037100
GOOGL,259.91,528605,2025-10-26T03:15:33.113521
MSFT,523.50,492570,2025-10-26T03:15:33.267845
TSLA,433.59,851242,2025-10-26T03:15:33.412180
AAPL,262.74,905457,2025-10-26T03:15:36.513799
GOOGL,259.91,528605,2025-10-26T03:15:36.576637
MSFT,523.50,492570,2025-10-26T03:15:36.641897
TSLA,433.59,851242,2025-10-26T03:15:36.717882
AAPL,262.74,905457,2025-10-26T03:15:39.883731
GOOGL,259.91,528605,2025-10-26T03:15:40.038151
MSFT,523.50,492570,2025-10-26T03:15:40.105194
TSLA,433.59,851242,2025-10-26T03:15:40.173769
AAPL,262.74,905457,2025-10-26T03:15:43.269091
GOOGL,259.91,528605,2025-10-26T03:15:43.343160
MSFT,523.50,492570,2025-10-26T03:15:43.486511
TSLA,433.59,851242,2025-10-26T03:15:43.550789
AAPL,262.74,905457,2025-10-26T03:15:46.659469
GOOGL,259.91,528605,2025-10-26T03:15:46.732610
MSFT,523.50,492570,2025-10-26T03:15:46.801015
TSLA,433.59,851242,2025-10-26T03:15:46.934611
AAPL,262.74,905457,2025-10-26T03:15:50.089317
GOOGL,259.91,528605,2025-10-26T03:15:50.237534
MSFT,523.50,492570,2025-10-26T03:15:50.306421
TSLA,433.59,851242,2025-10-26T03:15:50.390876
AAPL,262.74,905457,2025-10-26T03:15:53.464683
GOOGL,259.91,528605,2025-10-26T03:15:53.537182
MSFT,523.50,492570,2025-10-26T03:15:53.611411
TSLA,433.59,851242,2025-10-26T03:15:53.680124
AAPL,262.74,905457,2025-10-26T03:15:56.787411
GOOGL,259.91,528605,2025-10-26T03:15:56.860143
MSFT,523.50,492570,2025-10-26T03:15:57.019891
TSLA,433.59,851242,2025-10-26T03:15:57.171413
AAPL,262.74,905457,2025-10-26T03:16:00.356793
GOOGL,259.91,528605,2025-10-26T03:16:00.513591
MSFT,523.50,492570,2025-10-26T03:16:00.584605
TSLA,433.59,851242,2025-10-26T03:16:00.660569
AAPL,262.74,905457,2025-10-26T03:16:03.756572
GOOGL,259.91,528605,2025-10-26T03:16:03.824260
MSFT,523.50,492570,2025-10-26T03:16:03.893765
TSLA,433.59,851242,2025-10-26T03:16:03.963359
AAPL,262.74,905457,2025-10-26T03:16:07.034268
GOOGL,259.91,528605,2025-10-26T03:16:07.103281
MSFT,523.50,492570,2025-10-26T03:16:07.250474
TSLA,433.59,851242,2025-10-26T03:16:07.399183
AAPL,262.74,905457,2025-10-26T03:16:10.493098
GOOGL,259.91,528605,2025-10-26T03:16:10.561463
MSFT,523.50,492570,2025-10-26T03:16:10.632288
TSLA,433.59,851242,2025-10-26T03:16:10.705951
AAPL,262.74,905457,2025-10-26T03:16:13.887119
GOOGL,259.91,528605,2025-10-26T03:16:14.033814
MSFT,523.50,492570,2025-10-26T03:16:14.122346
TSLA,433.59,851242,2025-10-26T03:16:14.189507
AAPL,262.74,905457,2025-10-26T03:16:17.303800
GOOGL,259.91,528605,2025-10-26T03:16:17.378760
MSFT,523.50,492570,2025-10-26T03:16:17.444153
TSLA,433.59,851242,2025-10-26T03:16:17.521889
AAPL,262.74,905457,2025-10-26T03:16:20.642201
GOOGL,259.91,528605,2025-10-26T03:16:20.719430
MSFT,523.50,492570,2025-10-26T03:16:20.866710
TSLA,433.59,851242,2025-10-26T03:16:21.013865
AAPL,262.74,905457,2025-10-26T03:16:24.200643
GOOGL,259.91,528605,2025-10-26T03:16:24.370552
MSFT,523.50,492570,2025-10-26T03:16:24.458549
TSLA,433.59,851242,2025-10-26T03:16:24.534302
AAPL,262.74,905457,2025-10-26T03:16:27.643239
GOOGL,259.91,528605,2025-10-26T03:16:27.712474
MSFT,523.50,492570,2025-10-26T03:16:27.781912
TSLA,433.59,851242,2025-10-26T03:16:27.995605
AAPL,262.74,905457,2025-10-26T03:16:31.072364
GOOGL,259.91,528605,2025-10-26T03:16:31.147402
MSFT,523.50,492570,2025-10-26T03:16:31.309830
TSLA,433.59,851242,2025-10-26T03:16:31.472998
AAPL,262.74,905457,2025-10-26T03:16:34.571797
GOOGL,259.91,528605,2025-10-26T03:16:34.640711
MSFT,523.50,492570,2025-10-26T03:16:34.709322
TSLA,433.59,851242,2025-10-26T03:16:34.779679
AAPL,262.74,905457,2025-10-26T03:16:37.975117
GOOGL,259.91,528605,2025-10-26T03:16:38.116410
MSFT,523.50,492570,2025-10-26T03:16:38.181786
TSLA,433.59,851242,2025-10-26T03:16:38.255030
AAPL,262.74,905457,2025-10-26T03:16:41.359195
GOOGL,259.91,528605,2025-10-26T03:16:41.442638
MSFT,523.50,492570,2025-10-26T03:16:41.529547
TSLA,433.59,851242,2025-10-26T03:16:41.592282
AAPL,262.74,905457,2025-10-26T03:16:44.731333
GOOGL,259.91,528605,2025-10-26T03:16:44.801875
MSFT,523.50,492570,2025-10-26T03:16:44.962651
TSLA,433.59,851242,2025-10-26T03:16:45.114188
AAPL,262.74,905457,2025-10-26T03:16:48.300608
GOOGL,259.91,528605,2025-10-26T03:16:48.444476
MSFT,523.50,492570,2025-10-26T03:16:48.515666
TSLA,433.59,851242,2025-10-26T03:16:48.625642
AAPL,262.74,905457,2025-10-26T03:16:51.692597
GOOGL,259.91,528605,2025-10-26T03:16:51.758608
MSFT,523.50,492570,2025-10-26T03:16:51.834040
TSLA,433.59,851242,2025-10-26T03:16:51.905687
AAPL,262.74,905457,2025-10-26T03:16:55.027042
GOOGL,259.91,528605,2025-10-26T03:16:55.096959
MSFT,523.50,492570,2025-10-26T03:16:55.244002
TSLA,433.59,851242,2025-10-26T03:16:55.398646
AAPL,262.74,905457,2025-10-26T03:16:58.471130
GOOGL,259.91,528605,2025-10-26T03:16:58.539744
MSFT,523.50,492570,2025-10-26T03:16:58.614518
TSLA,433.59,851242,2025-10-26T03:16:58.697487
AAPL,262.74,905457,2025-10-26T03:17:01.853368
GOOGL,259.91,528605,2025-10-26T03:17:02.009905
MSFT,523.50,492570,2025-10-26T03:17:02.078004
TSLA,433.59,851242,2025-10-26T03:17:02.153134
AAPL,262.74,905457,2025-10-26T03:17:05.265263
GOOGL,259.91,528605,2025-10-26T03:17:05.331010
MSFT,523.50,492570,2025-10-26T03:17:05.395339
TSLA,433.59,851242,2025-10-26T03:17:05.549926
AAPL,262.74,905457,2025-10-26T03:17:08.624636
GOOGL,259.91,528605,2025-10-26T03:17:08.688500
MSFT,523.50,492570,2025-10-26T03:17:08.827600
TSLA,433.59,851242,2025-10-26T03:17:08.905137
AAPL,262.74,905457,2025-10-26T03:17:12.057271
GOOGL,259.91,528605,2025-10-26T03:17:12.202417
MSFT,523.50,492570,2025-10-26T03:17:12.268901
TSLA,433.59,851242,2025-10-26T03:17:12.374744
AAPL,262.74,905457,2025-10-26T03:17:15.453121
GOOGL,259.91,528605,2025-10-26T03:17:15.529080
MSFT,523.50,492570,2025-10-26T03:17:15.601649
TSLA,433.59,851242,2025-10-26T03:17:15.676646
AAPL,262.74,905457,2025-10-26T03:17:18.779614
GOOGL,259.91,528605,2025-10-26T03:17:18.851844
MSFT,523.50,492570,2025-10-26T03:17:18.929361
TSLA,433.59,851242,2025-10-26T03:17:19.073170
AAPL,262.74,905457,2025-10-26T03:17:22.246894
GOOGL,259.91,528605,2025-10-26T03:17:22.321922
MSFT,523.50,492570,2025-10-26T03:17:22.483721
TSLA,433.59,851242,2025-10-26T03:17:22.552984
AAPL,262.74,905457,2025-10-26T03:17:25.668468
GOOGL,259.91,528605,2025-10-26T03:17:25.815235
MSFT,523.50,492570,2025-10-26T03:17:25.890997
TSLA,433.59,851242,2025-10-26T03:17:25.980390
AAPL,262.74,905457,2025-10-26T03:17:29.076820
GOOGL,259.91,528605,2025-10-26T03:17:29.151885
MSFT,523.50,492570,2025-10-26T03:17:29.224733
TSLA,433.59,851242,2025-10-26T03:17:29.366229
AAPL,262.74,905457,2025-10-26T03:17:32.552668
GOOGL,259.91,528605,2025-10-26T03:17:32.618178
MSFT,523.50,492570,2025-10-26T03:17:32.688035
TSLA,433.59,851242,2025-10-26T03:17:32.785541
AAPL,262.74,905457,2025-10-26T03:17:35.864287
GOOGL,259.91,528605,2025-10-26T03:17:35.934744
MSFT,523.50,492570,2025-10-26T03:17:36.085864
TSLA,433.59,851242,2025-10-26T03:17:36.152885
AAPL,262.74,905457,2025-10-26T03:17:39.252911
GOOGL,259.91,528605,2025-10-26T03:17:39.397581
MSFT,523.50,492570,2025-10-26T03:17:39.471039
TSLA,433.59,851242,2025-10-26T03:17:39.539838
AAPL,262.74,905457,2025-10-26T03:17:42.634788
GOOGL,259.91,528605,2025-10-26T03:17:42.704993
MSFT,523.50,492570,2025-10-26T03:17:42.771015
TSLA,433.59,851242,2025-10-26T03:17:43.049621
AAPL,262.74,905457,2025-10-26T03:17:46.271323
GOOGL,259.91,528605,2025-10-26T03:17:46.337335
MSFT,523.50,492570,2025-10-26T03:17:46.417586
TSLA,433.59,851242,2025-10-26T03:17:46.490392
AAPL,262.74,905457,2025-10-26T03:17:49.591041
GOOGL,259.91,528605,2025-10-26T03:17:49.663049
MSFT,523.50,492570,2025-10-26T03:17:49.819043
TSLA,433.59,851242,2025-10-26T03:17:49.886494
AAPL,262.74,905457,2025-10-26T03:17:52.967846
GOOGL,259.91,528605,2025-10-26T03:17:53.132286
MSFT,523.50,492570,2025-10-26T03:17:53.202194
TSLA,433.59,851242,2025-10-26T03:17:53.356225
AAPL,262.74,905457,2025-10-26T03:17:56.550601
GOOGL,259.91,528605,2025-10-26T03:17:56.622535
MSFT,523.50,492570,2025-10-26T03:17:56.697346
TSLA,433.59,851242,2025-10-26T03:17:56.770037
AAPL,262.74,905457,2025-10-26T03:17:59.845977
GOOGL,259.91,528605,2025-10-26T03:17:59.914763
MSFT,523.50,492570,2025-10-26T03:18:00.061438
TSLA,433.59,851242,2025-10-26T03:18:00.135282
AAPL,262.74,905457,2025-10-26T03:18:03.207852
GOOGL,259.91,528605,2025-10-26T03:18:03.365701
MSFT,523.50,492570,2025-10-26T03:18:03.445354
TSLA,433.59,851242,2025-10-26T03:18:03.596193
AAPL,262.74,905457,2025-10-26T03:18:06.704488
GOOGL,259.91,528605,2025-10-26T03:18:06.779144
MSFT,523.50,492570,2025-10-26T03:18:06.855162
TSLA,433.59,851242,2025-10-26T03:18:06.929738
AAPL,262.74,905457,2025-10-26T03:18:10.185854
GOOGL,259.91,528605,2025-10-26T03:18:10.256590
MSFT,523.50,492570,2025-10-26T03:18:10.408479
TSLA,433.59,851242,2025-10-26T03:18:10.482085
AAPL,262.74,905457,2025-10-26T03:18:13.561930
GOOGL,259.91,528605,2025-10-26T03:18:13.635089
MSFT,523.50,492570,2025-10-26T03:18:13.710366
TSLA,433.59,851242,2025-10-26T03:18:13.799860
AAPL,262.74,905457,2025-10-26T03:18:16.886664
GOOGL,259.91,528605,2025-10-26T03:18:17.034442
MSFT,523.50,492570,2025-10-26T03:18:17.099802
TSLA,433.59,851242,2025-10-26T03:18:17.249825
AAPL,262.74,905457,2025-10-26T03:18:20.326050
GOOGL,259.91,528605,2025-10-26T03:18:20.393313
MSFT,523.50,492570,2025-10-26T03:18:20.464699
TSLA,433.59,851242,2025-10-26T03:18:20.542744
AAPL,262.74,905457,2025-10-26T03:18:23.686935
GOOGL,259.91,528605,2025-10-26T03:18:23.748999
MSFT,523.50,492570,2025-10-26T03:18:23.891149
TSLA,433.59,851242,2025-10-26T03:18:23.985307
AAPL,262.74,905457,2025-10-26T03:18:27.059833
GOOGL,259.91,528605,2025-10-26T03:18:27.129235
MSFT,523.50,492570,2025-10-26T03:18:27.208371
TSLA,433.59,851242,2025-10-26T03:18:27.280884
AAPL,262.74,905457,2025-10-26T03:18:30.387332
GOOGL,259.91,528605,2025-10-26T03:18:30.537804
MSFT,523.50,492570,2025-10-26T03:18:30.613973
TSLA,433.59,851242,2025-10-26T03:18:30.759511
AAPL,262.74,905457,2025-10-26T03:18:33.846786
GOOGL,259.91,528605,2025-10-26T03:18:33.917382
MSFT,523.50,492570,2025-10-26T03:18:34.065249
TSLA,433.59,851242,2025-10-26T03:18:34.138863
AAPL,262.74,905457,2025-10-26T03:18:37.290909
GOOGL,259.91,528605,2025-10-26T03:18:37.359851
MSFT,523.50,492570,2025-10-26T03:18:37.435678
TSLA,433.59,851242,2025-10-26T03:18:37.499967
AAPL,262.74,905457,2025-10-26T03:18:40.580887
GOOGL,259.91,528605,2025-10-26T03:18:40.701241
MSFT,523.50,492570,2025-10-26T03:18:40.773486
TSLA,433.59,851242,2025-10-26T03:18:40.845915
AAPL,262.74,905457,2025-10-26T03:18:43.946240
GOOGL,259.91,528605,2025-10-26T03:18:44.092875
MSFT,523.50,492570,2025-10-26T03:18:44.241044
TSLA,433.59,851242,2025-10-26T03:18:44.393065
AAPL,262.74,905457,2025-10-26T03:18:47.468945
GOOGL,259.91,528605,2025-10-26T03:18:47.544284
MSFT,523.50,492570,2025-10-26T03:18:47.663849
TSLA,433.59,851242,2025-10-26T03:18:47.738248
AAPL,262.74,905457,2025-10-26T03:18:50.899026
GOOGL,259.91,528605,2025-10-26T03:18:50.959386
MSFT,523.50,492570,2025-10-26T03:18:51.031498
TSLA,433.59,851242,2025-10-26T03:18:51.099983
AAPL,262.74,905457,2025-10-26T03:18:54.173968
GOOGL,259.91,528605,2025-10-26T03:18:54.323783
MSFT,523.50,492570,2025-10-26T03:18:54.499211
TSLA,433.59,851242,2025-10-26T03:18:54.569861
AAPL,262.74,905457,2025-10-26T03:18:57.646638
GOOGL,259.91,528605,2025-10-26T03:18:57.738576
MSFT,523.50,492570,2025-10-26T03:18:57.824234
TSLA,433.59,851242,2025-10-26T03:18:57.976796
AAPL,262.74,905457,2025-10-26T03:19:01.140106
GOOGL,259.91,528605,2025-10-26T03:19:01.203318
MSFT,523.50,492570,2025-10-26T03:19:01.299801
TSLA,433.59,851242,2025-10-26T03:19:01.372570
AAPL,262.74,905457,2025-10-26T03:19:04.487561
GOOGL,259.91,528605,2025-10-26T03:19:04.639814
MSFT,523.50,492570,2025-10-26T03:19:04.715547
TSLA,433.59,851242,2025-10-26T03:19:04.799318
AAPL,262.74,905457,2025-10-26T03:19:07.880612
GOOGL,259.91,528605,2025-10-26T03:19:07.957654
MSFT,523.50,492570,2025-10-26T03:19:08.144608
TSLA,433.59,851242,2025-10-26T03:19:08.289302
AAPL,262.74,905457,2025-10-26T03:19:11.434303
GOOGL,259.91,528605,2025-10-26T03:19:11.506824
MSFT,523.50,492570,2025-10-26T03:19:11.577308
TSLA,433.59,851242,2025-10-26T03:19:11.650458
AAPL,262.74,905457,2025-10-26T03:19:14.714543
GOOGL,259.91,528605,2025-10-26T03:19:14.789415
MSFT,523.50,492570,2025-10-26T03:19:14.856038
TSLA,433.59,851242,2025-10-26T03:19:14.928626
AAPL,262.74,905457,2025-10-26T03:19:18.009550
GOOGL,259.91,528605,2025-10-26T03:19:18.178343
MSFT,523.50,492570,2025-10-26T03:19:18.329857
TSLA,433.59,851242,2025-10-26T03:19:18.479965
AAPL,262.74,905457,2025-10-26T03:19:21.579094
GOOGL,259.91,528605,2025-10-26T03:19:21.639813
MSFT,523.50,492570,2025-10-26T03:19:21.702174
TSLA,433.59,851242,2025-10-26T03:19:21.788167
AAPL,262.74,905457,2025-10-26T03:19:24.955959
GOOGL,259.91,528605,2025-10-26T03:19:25.020080
MSFT,523.50,492570,2025-10-26T03:19:25.090055
TSLA,433.59,851242,2025-10-26T03:19:25.163129
AAPL,262.74,905457,2025-10-26T03:19:28.242644
GOOGL,259.91,528605,2025-10-26T03:19:28.306770
MSFT,523.50,492570,2025-10-26T03:19:28.372499
TSLA,433.59,851242,2025-10-26T03:19:28.439503
AAPL,262.74,905457,2025-10-26T03:19:31.514191
GOOGL,259.91,528605,2025-10-26T03:19:31.670396
MSFT,523.50,492570,2025-10-26T03:19:31.837035
TSLA,433.59,851242,2025-10-26T03:19:31.990929
AAPL,262.74,905457,2025-10-26T03:19:35.182709
GOOGL,259.91,528605,2025-10-26T03:19:35.251540
MSFT,523.50,492570,2025-10-26T03:19:35.323325
TSLA,433.59,851242,2025-10-26T03:19:35.396598
AAPL,262.74,905457,2025-10-26T03:19:38.476199
GOOGL,259.91,528605,2025-10-26T03:19:38.547715
MSFT,523.50,492570,2025-10-26T03:19:38.615160
TSLA,433.59,851242,2025-10-26T03:19:38.691927
AAPL,262.74,905457,2025-10-26T03:19:41.761471
GOOGL,259.91,528605,2025-10-26T03:19:41.829938
MSFT,523.50,492570,2025-10-26T03:19:41.896386
TSLA,433.59,851242,2025-10-26T03:19:42.060180
AAPL,262.74,905457,2025-10-26T03:19:45.150927
GOOGL,259.91,528605,2025-10-26T03:19:45.321311
MSFT,523.50,492570,2025-10-26T03:19:45.479430
TSLA,433.59,851242,2025-10-26T03:19:45.546991
AAPL,262.74,905457,2025-10-26T03:19:48.731969
GOOGL,259.91,528605,2025-10-26T03:19:48.798261
MSFT,523.50,492570,2025-10-26T03:19:48.881006
TSLA,433.59,851242,2025-10-26T03:19:48.948151
AAPL,262.74,905457,2025-10-26T03:19:52.025446
GOOGL,259.91,528605,2025-10-26T03:19:52.095791
MSFT,523.50,492570,2025-10-26T03:19:52.157145
TSLA,433.59,851242,2025-10-26T03:19:52.305614
AAPL,262.74,905457,2025-10-26T03:19:55.374020
GOOGL,259.91,528605,2025-10-26T03:19:55.436325
MSFT,523.50,492570,2025-10-26T03:19:55.499744
TSLA,433.59,851242,2025-10-26T03:19:55.569604
AAPL,262.74,905457,2025-10-26T03:19:58.637821
GOOGL,259.91,528605,2025-10-26T03:19:58.799660
MSFT,523.50,492570,2025-10-26T03:19:58.944003
TSLA,433.59,851242,2025-10-26T03:19:59.013977
AAPL,262.74,905457,2025-10-26T03:20:02.187538
GOOGL,259.91,528605,2025-10-26T03:20:02.248618
MSFT,523.50,492570,2025-10-26T03:20:02.321622
TSLA,433.59,851242,2025-10-26T03:20:02.386194
AAPL,262.74,905457,2025-10-26T03:20:05.459797
GOOGL,259.91,528605,2025-10-26T03:20:05.529292
MSFT,523.50,492570,2025-10-26T03:20:05.603704
TSLA,433.59,851242,2025-10-26T03:20:05.760917
AAPL,262.74,905457,2025-10-26T03:20:08.840048
GOOGL,259.91,528605,2025-10-26T03:20:08.911781
MSFT,523.50,492570,2025-10-26T03:20:09.072830
TSLA,433.59,851242,2025-10-26T03:20:09.145689
AAPL,262.74,905457,2025-10-26T03:20:12.250158
GOOGL,259.91,528605,2025-10-26T03:20:12.401977
MSFT,523.50,492570,2025-10-26T03:20:12.476829
TSLA,433.59,851242,2025-10-26T03:20:12.548317
AAPL,262.74,905457,2025-10-26T03:20:15.732559
GOOGL,259.91,528605,2025-10-26T03:20:15.805617
MSFT,523.50,492570,2025-10-26T03:20:15.901821
TSLA,433.59,851242,2025-10-26T03:20:16.041848
AAPL,262.74,905457,2025-10-26T03:20:19.118858
GOOGL,259.91,528605,2025-10-26T03:20:19.187778
MSFT,523.50,492570,2025-10-26T03:20:19.256700
TSLA,433.59,851242,2025-10-26T03:20:19.335987
AAPL,262.74,905457,2025-10-26T03:20:22.431695
GOOGL,259.91,528605,2025-10-26T03:20:22.504798
MSFT,523.50,492570,2025-10-26T03:20:22.658909
TSLA,433.59,851242,2025-10-26T03:20:22.732878
AAPL,262.74,905457,2025-10-26T03:20:25.829827
GOOGL,259.91,528605,2025-10-26T03:20:25.983790
MSFT,523.50,492570,2025-10-26T03:20:26.055965
TSLA,433.59,851242,2025-10-26T03:20:26.219168
AAPL,262.74,905457,2025-10-26T03:20:29.373070
GOOGL,259.91,528605,2025-10-26T03:20:29.443747
MSFT,523.50,492570,2025-10-26T03:20:29.506331
TSLA,433.59,851242,2025-10-26T03:20:29.572096
AAPL,262.74,905457,2025-10-26T03:20:32.694735
GOOGL,259.91,528605,2025-10-26T03:20:32.767332
MSFT,523.50,492570,2025-10-26T03:20:32.850873
TSLA,433.59,851242,2025-10-26T03:20:32.925674
AAPL,262.74,905457,2025-10-26T03:20:36.020932
GOOGL,259.91,528605,2025-10-26T03:20:36.167286
MSFT,523.50,492570,2025-10-26T03:20:36.311755
TSLA,433.59,851242,2025-10-26T03:20:36.461049
AAPL,262.74,905457,2025-10-26T03:20:39.626666
GOOGL,259.91,528605,2025-10-26T03:20:39.709887
MSFT,523.50,492570,2025-10-26T03:20:39.781873
TSLA,433.59,851242,2025-10-26T03:20:39.853992
AAPL,262.74,905457,2025-10-26T03:20:42.931504
GOOGL,259.91,528605,2025-10-26T03:20:42.998353
MSFT,523.50,492570,2025-10-26T03:20:43.067965
TSLA,433.59,851242,2025-10-26T03:20:43.142648
AAPL,262.74,905457,2025-10-26T03:20:46.213940
GOOGL,259.91,528605,2025-10-26T03:20:46.356027
MSFT,523.50,492570,2025-10-26T03:20:46.421332
TSLA,433.59,851242,2025-10-26T03:20:46.494508
AAPL,262.74,905457,2025-10-26T03:20:49.582748
GOOGL,259.91,528605,2025-10-26T03:20:49.656671
MSFT,523.50,492570,2025-10-26T03:20:49.805602
TSLA,433.59,851242,2025-10-26T03:20:49.958121
AAPL,262.74,905457,2025-10-26T03:20:53.137393
GOOGL,259.91,528605,2025-10-26T03:20:53.206486
MSFT,523.50,492570,2025-10-26T03:20:53.277805
TSLA,433.59,851242,2025-10-26T03:20:53.346377
AAPL,262.74,905457,2025-10-26T03:20:56.430720
GOOGL,259.91,528605,2025-10-26T03:20:56.499000
MSFT,523.50,492570,2025-10-26T03:20:56.567449
TSLA,433.59,851242,2025-10-26T03:20:56.635966
AAPL,262.74,905457,2025-10-26T03:20:59.708708
GOOGL,259.91,528605,2025-10-26T03:20:59.857934
MSFT,523.50,492570,2025-10-26T03:20:59.919961
TSLA,433.59,851242,2025-10-26T03:21:00.067588
AAPL,262.74,905457,2025-10-26T03:21:03.178008
GOOGL,259.91,528605,2025-10-26T03:21:03.262885
MSFT,523.50,492570,2025-10-26T03:21:03.417777
TSLA,433.59,851242,2025-10-26T03:21:03.483373
AAPL,262.74,905457,2025-10-26T03:21:06.655472
GOOGL,259.91,528605,2025-10-26T03:21:06.721815
MSFT,523.50,492570,2025-10-26T03:21:06.792202
TSLA,433.59,851242,2025-10-26T03:21:06.864826
AAPL,262.74,905457,2025-10-26T03:21:09.964803
GOOGL,259.91,528605,2025-10-26T03:21:10.108411
MSFT,523.50,492570,2025-10-26T03:21:10.175576
TSLA,433.59,851242,2025-10-26T03:21:10.330466
AAPL,262.74,905457,2025-10-26T03:21:13.408715
GOOGL,259.91,528605,2025-10-26T03:21:13.498582
MSFT,523.50,492570,2025-10-26T03:21:13.578835
TSLA,433.59,851242,2025-10-26T03:21:13.644331
AAPL,262.74,905457,2025-10-26T03:21:16.723969
GOOGL,259.91,528605,2025-10-26T03:21:16.797690
MSFT,523.50,492570,2025-10-26T03:21:16.945378
TSLA,433.59,851242,2025-10-26T03:21:17.014565
AAPL,262.74,905457,2025-10-26T03:21:20.174927
GOOGL,259.91,528605,2025-10-26T03:21:20.324069
MSFT,523.50,492570,2025-10-26T03:21:20.400993
TSLA,433.59,851242,2025-10-26T03:21:20.484331
AAPL,262.74,905457,2025-10-26T03:21:23.571909
GOOGL,259.91,528605,2025-10-26T03:21:23.649143
MSFT,523.50,492570,2025-10-26T03:21:23.746592
TSLA,433.59,851242,2025-10-26T03:21:23.898144
AAPL,262.74,905457,2025-10-26T03:21:26.976890
GOOGL,259.91,528605,2025-10-26T03:21:27.070417
MSFT,523.50,492570,2025-10-26T03:21:27.222616
TSLA,433.59,851242,2025-10-26T03:21:27.299466
AAPL,262.74,905457,2025-10-26T03:21:30.450523
GOOGL,259.91,528605,2025-10-26T03:21:30.530947
MSFT,523.50,492570,2025-10-26T03:21:30.602192
TSLA,433.59,851242,2025-10-26T03:21:30.673057
AAPL,262.74,905457,2025-10-26T03:21:33.767628
GOOGL,259.91,528605,2025-10-26T03:21:33.915941
MSFT,523.50,492570,2025-10-26T03:21:33.981514
TSLA,433.59,851242,2025-10-26T03:21:34.126820
AAPL,262.74,905457,2025-10-26T03:21:37.222314
GOOGL,259.91,528605,2025-10-26T03:21:37.321272
MSFT,523.50,492570,2025-10-26T03:21:37.391409
TSLA,433.59,851242,2025-10-26T03:21:37.463704
AAPL,262.74,905457,2025-10-26T03:21:40.559401
GOOGL,259.91,528605,2025-10-26T03:21:40.628237
MSFT,523.50,492570,2025-10-26T03:21:40.780517
TSLA,433.59,851242,2025-10-26T03:21:40.853968
AAPL,262.74,905457,2025-10-26T03:21:44.023260
GOOGL,259.91,528605,2025-10-26T03:21:44.169784
MSFT,523.50,492570,2025-10-26T03:21:44.241952
TSLA,433.59,851242,2025-10-26T03:21:44.388978
AAPL,262.74,905457,2025-10-26T03:21:47.499493
GOOGL,259.91,528605,2025-10-26T03:21:47.573544
MSFT,523.50,492570,2025-10-26T03:21:47.639163
TSLA,433.59,851242,2025-10-26T03:21:47.710975
AAPL,262.74,905457,2025-10-26T03:21:50.819468
GOOGL,259.91,528605,2025-10-26T03:21:50.900582
MSFT,523.50,492570,2025-10-26T03:21:51.046206
TSLA,433.59,851242,2025-10-26T03:21:51.115485
AAPL,262.74,905457,2025-10-26T03:21:54.269873
GOOGL,259.91,528605,2025-10-26T03:21:54.344671
MSFT,523.50,492570,2025-10-26T03:21:54.420303
TSLA,433.59,851242,2025-10-26T03:21:54.536005
AAPL,262.74,905457,2025-10-26T03:21:57.639962
GOOGL,259.91,528605,2025-10-26T03:21:57.791457
MSFT,523.50,492570,2025-10-26T03:21:57.861165
TSLA,433.59,851242,2025-10-26T03:21:58.023087
AAPL,262.74,905457,2025-10-26T03:22:01.119519
GOOGL,259.91,528605,2025-10-26T03:22:01.189172
MSFT,523.50,492570,2025-10-26T03:22:01.335523
TSLA,433.59,851242,2025-10-26T03:22:01.402811
AAPL,262.74,905457,2025-10-26T03:22:04.568830
GOOGL,259.91,528605,2025-10-26T03:22:04.638785
MSFT,523.50,492570,2025-10-26T03:22:04.711045
TSLA,433.59,851242,2025-10-26T03:22:04.780308
AAPL,262.74,905457,2025-10-26T03:22:07.887460
GOOGL,259.91,528605,2025-10-26T03:22:08.030635
MSFT,523.50,492570,2025-10-26T03:22:08.096552
TSLA,433.59,851242,2025-10-26T03:22:08.256171
AAPL,262.74,905457,2025-10-26T03:22:11.332573
GOOGL,259.91,528605,2025-10-26T03:22:11.410713
MSFT,523.50,492570,2025-10-26T03:22:11.493852
TSLA,433.59,851242,2025-10-26T03:22:11.560951
AAPL,262.74,905457,2025-10-26T03:22:14.644949
GOOGL,259.91,528605,2025-10-26T03:22:14.718269
MSFT,523.50,492570,2025-10-26T03:22:14.862437
TSLA,433.59,851242,2025-10-26T03:22:14.939253
AAPL,262.74,905457,2025-10-26T03:22:18.144803
GOOGL,259.91,528605,2025-10-26T03:22:18.298221
MSFT,523.50,492570,2025-10-26T03:22:18.382544
TSLA,433.59,851242,2025-10-26T03:22:18.532389
AAPL,262.74,905457,2025-10-26T03:22:21.646922
GOOGL,259.91,528605,2025-10-26T03:22:21.727162
MSFT,523.50,492570,2025-10-26T03:22:21.806143
TSLA,433.59,851242,2025-10-26T03:22:21.882647
AAPL,262.74,905457,2025-10-26T03:22:24.950624
GOOGL,259.91,528605,2025-10-26T03:22:25.023387
MSFT,523.50,492570,2025-10-26T03:22:25.179555
TSLA,433.59,851242,2025-10-26T03:22:25.251083
AAPL,262.74,905457,2025-10-26T03:22:28.401063
GOOGL,259.91,528605,2025-10-26T03:22:28.464212
MSFT,523.50,492570,2025-10-26T03:22:28.535936
TSLA,433.59,851242,2025-10-26T03:22:28.607314
AAPL,262.74,905457,2025-10-26T03:22:31.683583
GOOGL,259.91,528605,2025-10-26T03:22:31.832352
MSFT,523.50,492570,2025-10-26T03:22:31.896733
TSLA,433.59,851242,2025-10-26T03:22:32.063767
AAPL,262.74,905457,2025-10-26T03:22:35.157461
GOOGL,259.91,528605,2025-10-26T03:22:35.232126
MSFT,523.50,492570,2025-10-26T03:22:35.303138
TSLA,433.59,851242,2025-10-26T03:22:35.372309
AAPL,262.74,905457,2025-10-26T03:22:38.482608
GOOGL,259.91,528605,2025-10-26T03:22:38.556152
MSFT,523.50,492570,2025-10-26T03:22:38.713893
TSLA,433.59,851242,2025-10-26T03:22:38.788963
AAPL,262.74,905457,2025-10-26T03:22:41.952372
GOOGL,259.91,528605,2025-10-26T03:22:42.115016
MSFT,523.50,492570,2025-10-26T03:22:42.183832
TSLA,433.59,851242,2025-10-26T03:22:42.350422
AAPL,262.74,905457,2025-10-26T03:22:45.420377
GOOGL,259.91,528605,2025-10-26T03:22:45.491665
MSFT,523.50,492570,2025-10-26T03:22:45.562939
TSLA,433.59,851242,2025-10-26T03:22:45.657245
AAPL,262.74,905457,2025-10-26T03:22:48.725367
GOOGL,259.91,528605,2025-10-26T03:22:48.801459
MSFT,523.50,492570,2025-10-26T03:22:48.865195
TSLA,433.59,851242,2025-10-26T03:22:48.936866
AAPL,262.74,905457,2025-10-26T03:22:52.099736
GOOGL,259.91,528605,2025-10-26T03:22:52.261710
MSFT,523.50,492570,2025-10-26T03:22:52.411546
TSLA,433.59,851242,2025-10-26T03:22:52.558463
AAPL,262.74,905457,2025-10-26T03:22:55.628360
GOOGL,259.91,528605,2025-10-26T03:22:55.691352
MSFT,523.50,492570,2025-10-26T03:22:55.762862
TSLA,433.59,851242,2025-10-26T03:22:55.828726
AAPL,262.74,905457,2025-10-26T03:22:58.902584
GOOGL,259.91,528605,2025-10-26T03:22:58.973005
MSFT,523.50,492570,2025-10-26T03:22:59.050420
TSLA,433.59,851242,2025-10-26T03:22:59.121494
AAPL,262.74,905457,2025-10-26T03:23:02.409081
GOOGL,259.91,528605,2025-10-26T03:23:02.480837
MSFT,523.50,492570,2025-10-26T03:23:02.548962
TSLA,433.59,851242,2025-10-26T03:23:02.613426
AAPL,262.74,905457,2025-10-26T03:23:05.724608
GOOGL,259.91,528605,2025-10-26T03:23:05.872213
MSFT,523.50,492570,2025-10-26T03:23:06.034940
TSLA,433.59,851242,2025-10-26T03:23:06.184243
AAPL,262.74,905457,2025-10-26T03:23:09.258814
GOOGL,259.91,528605,2025-10-26T03:23:09.330945
MSFT,523.50,492570,2025-10-26T03:23:09.417573
TSLA,433.59,851242,2025-10-26T03:23:09.496790
AAPL,262.74,905457,2025-10-26T03:23:12.617985
GOOGL,259.91,528605,2025-10-26T03:23:12.685672
MSFT,523.50,492570,2025-10-26T03:23:12.766553
TSLA,433.59,851242,2025-10-26T03:23:12.843089
AAPL,262.74,905457,2025-10-26T03:23:15.999980
GOOGL,259.91,528605,2025-10-26T03:23:16.170813
MSFT,523.50,492570,2025-10-26T03:23:16.329543
TSLA,433.59,851242,2025-10-26T03:23:16.481034
AAPL,262.74,905457,2025-10-26T03:23:19.573711
GOOGL,259.91,528605,2025-10-26T03:23:19.648402
MSFT,523.50,492570,2025-10-26T03:23:19.709018
TSLA,433.59,851242,2025-10-26T03:23:19.776325
AAPL,262.74,905457,2025-10-26T03:23:22.877284
GOOGL,259.91,528605,2025-10-26T03:23:22.947796
MSFT,523.50,492570,2025-10-26T03:23:23.017663
TSLA,433.59,851242,2025-10-26T03:23:23.087539
AAPL,262.74,905457,2025-10-26T03:23:26.235982
GOOGL,259.91,528605,2025-10-26T03:23:26.295130
MSFT,523.50,492570,2025-10-26T03:23:26.366896
TSLA,433.59,851242,2025-10-26T03:23:26.438854
AAPL,262.74,905457,2025-10-26T03:23:29.538322
GOOGL,259.91,528605,2025-10-26T03:23:29.682234
MSFT,523.50,492570,2025-10-26T03:23:29.828370
TSLA,433.59,851242,2025-10-26T03:23:29.975237
AAPL,262.74,905457,2025-10-26T03:23:33.104493
GOOGL,259.91,528605,2025-10-26T03:23:33.166764
MSFT,523.50,492570,2025-10-26T03:23:33.235359
TSLA,433.59,851242,2025-10-26T03:23:33.307778
AAPL,262.74,905457,2025-10-26T03:23:36.370289
GOOGL,259.91,528605,2025-10-26T03:23:36.434503
MSFT,523.50,492570,2025-10-26T03:23:36.506004
TSLA,433.59,851242,2025-10-26T03:23:36.575737
AAPL,262.74,905457,2025-10-26T03:23:39.742221
GOOGL,259.91,528605,2025-10-26T03:23:39.811169
MSFT,523.50,492570,2025-10-26T03:23:39.890781
TSLA,433.59,851242,2025-10-26T03:23:40.036721
AAPL,262.74,905457,2025-10-26T03:23:43.117614
GOOGL,259.91,528605,2025-10-26T03:23:43.265931
MSFT,523.50,492570,2025-10-26T03:23:43.432397
TSLA,433.59,851242,2025-10-26T03:23:43.500432
AAPL,262.74,905457,2025-10-26T03:23:46.585195
GOOGL,259.91,528605,2025-10-26T03:23:46.648595
MSFT,523.50,492570,2025-10-26T03:23:46.721747
TSLA,433.59,851242,2025-10-26T03:23:46.793158
AAPL,262.74,905457,2025-10-26T03:23:49.857962
GOOGL,259.91,528605,2025-10-26T03:23:49.929824
MSFT,523.50,492570,2025-10-26T03:23:50.002377
TSLA,433.59,851242,2025-10-26T03:23:50.144924
AAPL,262.74,905457,2025-10-26T03:23:53.299323
GOOGL,259.91,528605,2025-10-26T03:23:53.452769
MSFT,523.50,492570,2025-10-26T03:23:53.570351
TSLA,433.59,851242,2025-10-26T03:23:53.649618
AAPL,262.74,905457,2025-10-26T03:23:56.714473
GOOGL,259.91,528605,2025-10-26T03:23:56.772308
MSFT,523.50,492570,2025-10-26T03:23:56.917512
TSLA,433.59,851242,2025-10-26T03:23:56.982828
AAPL,262.74,905457,2025-10-26T03:24:00.051199
GOOGL,259.91,528605,2025-10-26T03:24:00.118238
MSFT,523.50,492570,2025-10-26T03:24:00.184547
TSLA,433.59,851242,2025-10-26T03:24:00.259000
AAPL,262.74,905457,2025-10-26T03:24:03.347899
GOOGL,259.91,528605,2025-10-26T03:24:03.412862
MSFT,523.50,492570,2025-10-26T03:24:03.485225
TSLA,433.59,851242,2025-10-26T03:24:03.635311
AAPL,262.74,905457,2025-10-26T03:24:06.795592
GOOGL,259.91,528605,2025-10-26T03:24:06.947452
MSFT,523.50,492570,2025-10-26T03:24:07.097549
TSLA,433.59,851242,2025-10-26T03:24:07.165182
AAPL,262.74,905457,2025-10-26T03:24:10.256916
GOOGL,259.91,528605,2025-10-26T03:24:10.323847
MSFT,523.50,492570,2025-10-26T03:24:10.403027
TSLA,433.59,851242,2025-10-26T03:24:10.468817
AAPL,262.74,905457,2025-10-26T03:24:13.541321
GOOGL,259.91,528605,2025-10-26T03:24:13.609857
MSFT,523.50,492570,2025-10-26T03:24:13.676956
TSLA,433.59,851242,2025-10-26T03:24:13.746737
AAPL,262.74,905457,2025-10-26T03:24:16.817363
GOOGL,259.91,528605,2025-10-26T03:24:16.957455
MSFT,523.50,492570,2025-10-26T03:24:17.111601
TSLA,433.59,851242,2025-10-26T03:24:17.264469
AAPL,262.74,905457,2025-10-26T03:24:20.416952
GOOGL,259.91,528605,2025-10-26T03:24:20.512823
MSFT,523.50,492570,2025-10-26T03:24:20.585248
TSLA,433.59,851242,2025-10-26T03:24:20.659505
AAPL,262.74,905457,2025-10-26T03:24:23.743444
GOOGL,259.91,528605,2025-10-26T03:24:23.816923
MSFT,523.50,492570,2025-10-26T03:24:23.881784
TSLA,433.59,851242,2025-10-26T03:24:23.962782
AAPL,262.74,905457,2025-10-26T03:24:27.056177
GOOGL,259.91,528605,2025-10-26T03:24:27.215288
MSFT,523.50,492570,2025-10-26T03:24:27.362714
TSLA,433.59,851242,2025-10-26T03:24:27.429948
AAPL,262.74,905457,2025-10-26T03:24:30.505091
GOOGL,259.91,528605,2025-10-26T03:24:30.578535
MSFT,523.50,492570,2025-10-26T03:24:30.691752
TSLA,433.59,851242,2025-10-26T03:24:30.840093
AAPL,262.74,905457,2025-10-26T03:24:33.999188
GOOGL,259.91,528605,2025-10-26T03:24:34.068817
MSFT,523.50,492570,2025-10-26T03:24:34.142381
TSLA,433.59,851242,2025-10-26T03:24:34.218796
AAPL,262.74,905457,2025-10-26T03:24:37.298361
GOOGL,259.91,528605,2025-10-26T03:24:37.366701
MSFT,523.50,492570,2025-10-26T03:24:37.433211
TSLA,433.59,851242,2025-10-26T03:24:37.507405
AAPL,262.74,905457,2025-10-26T03:24:40.593034
GOOGL,259.91,528605,2025-10-26T03:24:40.746208
MSFT,523.50,492570,2025-10-26T03:24:40.895229
TSLA,433.59,851242,2025-10-26T03:24:41.060506
AAPL,262.74,905457,2025-10-26T03:24:44.255282
GOOGL,259.91,528605,2025-10-26T03:24:44.330719
MSFT,523.50,492570,2025-10-26T03:24:44.401779
TSLA,433.59,851242,2025-10-26T03:24:44.473064
AAPL,262.74,905457,2025-10-26T03:24:47.548351
GOOGL,259.91,528605,2025-10-26T03:24:47.620894
MSFT,523.50,492570,2025-10-26T03:24:47.691914
TSLA,433.59,851242,2025-10-26T03:24:47.762096
AAPL,262.74,905457,2025-10-26T03:24:50.832562
GOOGL,259.91,528605,2025-10-26T03:24:50.900591
MSFT,523.50,492570,2025-10-26T03:24:51.059858
TSLA,433.59,851242,2025-10-26T03:24:51.224001
AAPL,262.74,905457,2025-10-26T03:24:54.380813
GOOGL,259.91,528605,2025-10-26T03:24:54.542590
MSFT,523.50,492570,2025-10-26T03:24:54.603298
TSLA,433.59,851242,2025-10-26T03:24:54.683444
AAPL,262.74,905457,2025-10-26T03:24:57.795545
GOOGL,259.91,528605,2025-10-26T03:24:57.867714
MSFT,523.50,492570,2025-10-26T03:24:57.943042
TSLA,433.59,851242,2025-10-26T03:24:58.022623
AAPL,262.74,905457,2025-10-26T03:25:01.133140
GOOGL,259.91,528605,2025-10-26T03:25:01.220577
MSFT,523.50,492570,2025-10-26T03:25:01.413231
TSLA,433.59,851242,2025-10-26T03:25:01.559311
AAPL,262.74,905457,2025-10-26T03:25:04.699906
GOOGL,259.91,528605,2025-10-26T03:25:04.774858
MSFT,523.50,492570,2025-10-26T03:25:04.843157
TSLA,433.59,851242,2025-10-26T03:25:04.921923
AAPL,262.74,905457,2025-10-26T03:25:08.111249
GOOGL,259.91,528605,2025-10-26T03:25:08.259305
MSFT,523.50,492570,2025-10-26T03:25:08.331981
TSLA,433.59,851242,2025-10-26T03:25:08.408232
AAPL,262.74,905457,2025-10-26T03:25:11.488613
GOOGL,259.91,528605,2025-10-26T03:25:11.576358
MSFT,523.50,492570,2025-10-26T03:25:11.649382
TSLA,433.59,851242,2025-10-26T03:25:11.717108
AAPL,262.74,905457,2025-10-26T03:25:14.814860
GOOGL,259.91,528605,2025-10-26T03:25:14.900906
MSFT,523.50,492570,2025-10-26T03:25:15.048505
TSLA,433.59,851242,2025-10-26T03:25:15.192473
AAPL,262.74,905457,2025-10-26T03:25:18.273500
GOOGL,259.91,528605,2025-10-26T03:25:18.346476
MSFT,523.50,492570,2025-10-26T03:25:18.416824
TSLA,433.59,851242,2025-10-26T03:25:18.483997
AAPL,262.74,905457,2025-10-26T03:25:21.660102
GOOGL,259.91,528605,2025-10-26T03:25:21.816011
MSFT,523.50,492570,2025-10-26T03:25:21.892839
TSLA,433.59,851242,2025-10-26T03:25:21.964840
AAPL,262.74,905457,2025-10-26T03:25:25.093294
GOOGL,259.91,528605,2025-10-26T03:25:25.173441
MSFT,523.50,492570,2025-10-26T03:25:25.326670
TSLA,433.59,851242,2025-10-26T03:25:25.478699
AAPL,262.74,905457,2025-10-26T03:25:28.577902
GOOGL,259.91,528605,2025-10-26T03:25:28.650787
MSFT,523.50,492570,2025-10-26T03:25:28.720136
TSLA,433.59,851242,2025-10-26T03:25:28.798011
AAPL,262.74,905457,2025-10-26T03:25:31.874522
GOOGL,259.91,528605,2025-10-26T03:25:32.017149
MSFT,523.50,492570,2025-10-26T03:25:32.130663
TSLA,433.59,851242,2025-10-26T03:25:32.200389
AAPL,262.74,905457,2025-10-26T03:25:35.356607
GOOGL,259.91,528605,2025-10-26T03:25:35.426856
MSFT,523.50,492570,2025-10-26T03:25:35.491228
TSLA,433.59,851242,2025-10-26T03:25:35.563409
AAPL,262.74,905457,2025-10-26T03:25:38.651925
GOOGL,259.91,528605,2025-10-26T03:25:38.724187
MSFT,523.50,492570,2025-10-26T03:25:38.871280
TSLA,433.59,851242,2025-10-26T03:25:39.035415
AAPL,262.74,905457,2025-10-26T03:25:42.103365
GOOGL,259.91,528605,2025-10-26T03:25:42.261877
MSFT,523.50,492570,2025-10-26T03:25:42.372505
TSLA,433.59,851242,2025-10-26T03:25:42.438186
AAPL,262.74,905457,2025-10-26T03:25:45.530215
GOOGL,259.91,528605,2025-10-26T03:25:45.622954
MSFT,523.50,492570,2025-10-26T03:25:45.692988
TSLA,433.59,851242,2025-10-26T03:25:45.765724
AAPL,262.74,905457,2025-10-26T03:25:48.954277
GOOGL,259.91,528605,2025-10-26T03:25:49.023772
MSFT,523.50,492570,2025-10-26T03:25:49.259116
TSLA,433.59,851242,2025-10-26T03:25:49.407328
AAPL,262.74,905457,2025-10-26T03:25:52.481757
GOOGL,259.91,528605,2025-10-26T03:25:52.550798
MSFT,523.50,492570,2025-10-26T03:25:52.625171
TSLA,433.59,851242,2025-10-26T03:25:52.697432
AAPL,262.74,905457,2025-10-26T03:25:55.810557
GOOGL,259.91,528605,2025-10-26T03:25:55.962731
MSFT,523.50,492570,2025-10-26T03:25:56.029319
TSLA,433.59,851242,2025-10-26T03:25:56.099651
AAPL,262.74,905457,2025-10-26T03:25:59.279798
GOOGL,259.91,528605,2025-10-26T03:25:59.351693
MSFT,523.50,492570,2025-10-26T03:25:59.497077
TSLA,433.59,851242,2025-10-26T03:25:59.572957
AAPL,262.74,905457,2025-10-26T03:26:02.645071
GOOGL,259.91,528605,2025-10-26T03:26:02.715427
MSFT,523.50,492570,2025-10-26T03:26:02.866959
TSLA,433.59,851242,2025-10-26T03:26:03.020621
AAPL,262.74,905457,2025-10-26T03:26:06.117257
GOOGL,259.91,528605,2025-10-26T03:26:06.264389
MSFT,523.50,492570,2025-10-26T03:26:06.340334
TSLA,433.59,851242,2025-10-26T03:26:06.413137
AAPL,262.74,905457,2025-10-26T03:26:09.488209
GOOGL,259.91,528605,2025-10-26T03:26:09.567075
MSFT,523.50,492570,2025-10-26T03:26:09.636021
TSLA,433.59,851242,2025-10-26T03:26:09.710983
AAPL,262.74,905457,2025-10-26T03:26:12.926013
GOOGL,259.91,528605,2025-10-26T03:26:13.013722
MSFT,523.50,492570,2025-10-26T03:26:13.167369
TSLA,433.59,851242,2025-10-26T03:26:13.309812
AAPL,262.74,905457,2025-10-26T03:26:16.406508
GOOGL,259.91,528605,2025-10-26T03:26:16.558327
MSFT,523.50,492570,2025-10-26T03:26:16.628054
TSLA,433.59,851242,2025-10-26T03:26:16.705984
AAPL,262.74,905457,2025-10-26T03:26:19.790318
GOOGL,259.91,528605,2025-10-26T03:26:19.856917
MSFT,523.50,492570,2025-10-26T03:26:19.917396
TSLA,433.59,851242,2025-10-26T03:26:19.981372
AAPL,262.74,905457,2025-10-26T03:26:23.148182
GOOGL,259.91,528605,2025-10-26T03:26:23.228002
MSFT,523.50,492570,2025-10-26T03:26:23.332033
TSLA,433.59,851242,2025-10-26T03:26:23.406493
AAPL,262.74,905457,2025-10-26T03:26:26.482102
GOOGL,259.91,528605,2025-10-26T03:26:26.553944
MSFT,523.50,492570,2025-10-26T03:26:26.710640
TSLA,433.59,851242,2025-10-26T03:26:26.871877
AAPL,262.74,905457,2025-10-26T03:26:29.971166
GOOGL,259.91,528605,2025-10-26T03:26:30.115610
MSFT,523.50,492570,2025-10-26T03:26:30.183215
TSLA,433.59,851242,2025-10-26T03:26:30.261692
AAPL,262.74,905457,2025-10-26T03:26:33.499741
GOOGL,259.91,528605,2025-10-26T03:26:33.571102
MSFT,523.50,492570,2025-10-26T03:26:33.638477
TSLA,433.59,851242,2025-10-26T03:26:33.709318
AAPL,262.74,905457,2025-10-26T03:26:36.785589
GOOGL,259.91,528605,2025-10-26T03:26:36.852860
MSFT,523.50,492570,2025-10-26T03:26:36.920502
TSLA,433.59,851242,2025-10-26T03:26:37.073590
AAPL,262.74,905457,2025-10-26T03:26:40.148362
GOOGL,259.91,528605,2025-10-26T03:26:40.221965
MSFT,523.50,492570,2025-10-26T03:26:40.368914
TSLA,433.59,851242,2025-10-26T03:26:40.436462
AAPL,262.74,905457,2025-10-26T03:26:43.510183
GOOGL,259.91,528605,2025-10-26T03:26:43.663783
MSFT,523.50,492570,2025-10-26T03:26:43.729808
TSLA,433.59,851242,2025-10-26T03:26:43.816376
AAPL,262.74,905457,2025-10-26T03:26:46.972631
GOOGL,259.91,528605,2025-10-26T03:26:47.063402
MSFT,523.50,492570,2025-10-26T03:26:47.125651
TSLA,433.59,851242,2025-10-26T03:26:47.274826
AAPL,262.74,905457,2025-10-26T03:26:50.344149
GOOGL,259.91,528605,2025-10-26T03:26:50.414741
MSFT,523.50,492570,2025-10-26T03:26:50.483077
TSLA,433.59,851242,2025-10-26T03:26:50.552275
AAPL,262.74,905457,2025-10-26T03:26:53.619381
GOOGL,259.91,528605,2025-10-26T03:26:53.683615
MSFT,523.50,492570,2025-10-26T03:26:53.823773
TSLA,433.59,851242,2025-10-26T03:26:53.892802
AAPL,262.74,905457,2025-10-26T03:26:57.041971
GOOGL,259.91,528605,2025-10-26T03:26:57.175840
MSFT,523.50,492570,2025-10-26T03:26:57.243443
TSLA,433.59,851242,2025-10-26T03:26:57.392897
AAPL,262.74,905457,2025-10-26T03:27:00.470502
GOOGL,259.91,528605,2025-10-26T03:27:00.539372
MSFT,523.50,492570,2025-10-26T03:27:00.608461
TSLA,433.59,851242,2025-10-26T03:27:00.675318
AAPL,262.74,905457,2025-10-26T03:27:03.750740
GOOGL,259.91,528605,2025-10-26T03:27:03.825773
MSFT,523.50,492570,2025-10-26T03:27:03.895761
TSLA,433.59,851242,2025-10-26T03:27:03.976458
AAPL,262.74,905457,2025-10-26T03:27:07.128731
GOOGL,259.91,528605,2025-10-26T03:27:07.278072
MSFT,523.50,492570,2025-10-26T03:27:07.430378
TSLA,433.59,851242,2025-10-26T03:27:07.503439
AAPL,262.74,905457,2025-10-26T03:27:10.583425
GOOGL,259.91,528605,2025-10-26T03:27:10.700542
MSFT,523.50,492570,2025-10-26T03:27:10.775630
TSLA,433.59,851242,2025-10-26T03:27:10.922607
AAPL,262.74,905457,2025-10-26T03:27:13.996169
GOOGL,259.91,528605,2025-10-26T03:27:14.061193
MSFT,523.50,492570,2025-10-26T03:27:14.126935
TSLA,433.59,851242,2025-10-26T03:27:14.195026
AAPL,262.74,905457,2025-10-26T03:27:17.267230
GOOGL,259.91,528605,2025-10-26T03:27:17.410557
MSFT,523.50,492570,2025-10-26T03:27:17.481344
TSLA,433.59,851242,2025-10-26T03:27:17.554442
AAPL,262.74,905457,2025-10-26T03:27:20.705455
GOOGL,259.91,528605,2025-10-26T03:27:20.778501
MSFT,523.50,492570,2025-10-26T03:27:20.935953
TSLA,433.59,851242,2025-10-26T03:27:21.080216
AAPL,262.74,905457,2025-10-26T03:27:24.185594
GOOGL,259.91,528605,2025-10-26T03:27:24.259700
MSFT,523.50,492570,2025-10-26T03:27:24.321575
TSLA,433.59,851242,2025-10-26T03:27:24.401345
AAPL,262.74,905457,2025-10-26T03:27:27.482406
GOOGL,259.91,528605,2025-10-26T03:27:27.567988
MSFT,523.50,492570,2025-10-26T03:27:27.641666
TSLA,433.59,851242,2025-10-26T03:27:27.708051
AAPL,262.74,905457,2025-10-26T03:27:30.781487
GOOGL,259.91,528605,2025-10-26T03:27:30.940163
MSFT,523.50,492570,2025-10-26T03:27:31.092374
TSLA,433.59,851242,2025-10-26T03:27:31.241663
AAPL,262.74,905457,2025-10-26T03:27:34.401788
GOOGL,259.91,528605,2025-10-26T03:27:34.468213
MSFT,523.50,492570,2025-10-26T03:27:34.537680
TSLA,433.59,851242,2025-10-26T03:27:34.613231
AAPL,262.74,905457,2025-10-26T03:27:37.682514
GOOGL,259.91,528605,2025-10-26T03:27:37.748793
MSFT,523.50,492570,2025-10-26T03:27:37.813558
TSLA,433.59,851242,2025-10-26T03:27:37.890713
AAPL,262.74,905457,2025-10-26T03:27:40.967913
GOOGL,259.91,528605,2025-10-26T03:27:41.129464
MSFT,523.50,492570,2025-10-26T03:27:41.279592
TSLA,433.59,851242,2025-10-26T03:27:41.431065
AAPL,262.74,905457,2025-10-26T03:27:44.503388
GOOGL,259.91,528605,2025-10-26T03:27:44.572238
MSFT,523.50,492570,2025-10-26T03:27:44.657863
TSLA,433.59,851242,2025-10-26T03:27:44.734909
AAPL,262.74,905457,2025-10-26T03:27:47.884747
GOOGL,259.91,528605,2025-10-26T03:27:47.949456
MSFT,523.50,492570,2025-10-26T03:27:48.013641
TSLA,433.59,851242,2025-10-26T03:27:48.079147
AAPL,262.74,905457,2025-10-26T03:27:51.157198
GOOGL,259.91,528605,2025-10-26T03:27:51.315756
MSFT,523.50,492570,2025-10-26T03:27:51.384614
TSLA,433.59,851242,2025-10-26T03:27:51.452654
AAPL,262.74,905457,2025-10-26T03:27:54.520700
GOOGL,259.91,528605,2025-10-26T03:27:54.591986
MSFT,523.50,492570,2025-10-26T03:27:54.743801
TSLA,433.59,851242,2025-10-26T03:27:54.887221
AAPL,262.74,905457,2025-10-26T03:27:58.060540
GOOGL,259.91,528605,2025-10-26T03:27:58.123214
MSFT,523.50,492570,2025-10-26T03:27:58.200210
TSLA,433.59,851242,2025-10-26T03:27:58.273167
AAPL,262.74,905457,2025-10-26T03:28:01.388538
GOOGL,259.91,528605,2025-10-26T03:28:01.476143
MSFT,523.50,492570,2025-10-26T03:28:01.560446
TSLA,433.59,851242,2025-10-26T03:28:01.638289
AAPL,262.74,905457,2025-10-26T03:28:04.716596
GOOGL,259.91,528605,2025-10-26T03:28:04.869845
MSFT,523.50,492570,2025-10-26T03:28:05.021189
TSLA,433.59,851242,2025-10-26T03:28:05.235999
AAPL,262.74,905457,2025-10-26T03:28:08.424229
GOOGL,259.91,528605,2025-10-26T03:28:08.499036
MSFT,523.50,492570,2025-10-26T03:28:08.616162
TSLA,433.59,851242,2025-10-26T03:28:08.698661
AAPL,262.74,905457,2025-10-26T03:28:11.774900
GOOGL,259.91,528605,2025-10-26T03:28:11.840285
MSFT,523.50,492570,2025-10-26T03:28:11.908108
TSLA,433.59,851242,2025-10-26T03:28:11.981869
AAPL,262.74,905457,2025-10-26T03:28:15.057463
GOOGL,259.91,528605,2025-10-26T03:28:15.206431
MSFT,523.50,492570,2025-10-26T03:28:15.362717
TSLA,433.59,851242,2025-10-26T03:28:15.438142
AAPL,262.74,905457,2025-10-26T03:28:18.529133
GOOGL,259.91,528605,2025-10-26T03:28:18.599729
MSFT,523.50,492570,2025-10-26T03:28:18.668179
TSLA,433.59,851242,2025-10-26T03:28:18.821763
AAPL,262.74,905457,2025-10-26T03:28:21.985131
GOOGL,259.91,528605,2025-10-26T03:28:22.055220
MSFT,523.50,492570,2025-10-26T03:28:22.217593
TSLA,433.59,851242,2025-10-26T03:28:22.296050
AAPL,262.74,905457,2025-10-26T03:28:25.375618
GOOGL,259.91,528605,2025-10-26T03:28:25.531870
MSFT,523.50,492570,2025-10-26T03:28:25.620371
TSLA,433.59,851242,2025-10-26T03:28:25.684633
AAPL,262.74,905457,2025-10-26T03:28:28.762878
GOOGL,259.91,528605,2025-10-26T03:28:28.835143
MSFT,523.50,492570,2025-10-26T03:28:29.107067
TSLA,433.59,851242,2025-10-26T03:28:29.259195
AAPL,262.74,905457,2025-10-26T03:28:32.418356
GOOGL,259.91,528605,2025-10-26T03:28:32.488664
MSFT,523.50,492570,2025-10-26T03:28:32.605131
TSLA,433.59,851242,2025-10-26T03:28:32.676924
AAPL,262.74,905457,2025-10-26T03:28:35.802598
GOOGL,259.91,528605,2025-10-26T03:28:35.878004
MSFT,523.50,492570,2025-10-26T03:28:35.945669
TSLA,433.59,851242,2025-10-26T03:28:36.018633
AAPL,262.74,905457,2025-10-26T03:28:39.095978
GOOGL,259.91,528605,2025-10-26T03:28:39.253581
MSFT,523.50,492570,2025-10-26T03:28:39.404828
TSLA,433.59,851242,2025-10-26T03:28:39.478140
AAPL,262.74,905457,2025-10-26T03:28:42.591621
GOOGL,259.91,528605,2025-10-26T03:28:42.677963
MSFT,523.50,492570,2025-10-26T03:28:42.767074
TSLA,433.59,851242,2025-10-26T03:28:42.914012
AAPL,262.74,905457,2025-10-26T03:28:46.064666
GOOGL,259.91,528605,2025-10-26T03:28:46.132672
MSFT,523.50,492570,2025-10-26T03:28:46.196394
TSLA,433.59,851242,2025-10-26T03:28:46.262880
AAPL,262.74,905457,2025-10-26T03:28:49.369247
GOOGL,259.91,528605,2025-10-26T03:28:49.432570
MSFT,523.50,492570,2025-10-26T03:28:49.591583
TSLA,433.59,851242,2025-10-26T03:28:49.666591
AAPL,262.74,905457,2025-10-26T03:28:52.736202
GOOGL,259.91,528605,2025-10-26T03:28:52.882815
MSFT,523.50,492570,2025-10-26T03:28:52.953794
TSLA,433.59,851242,2025-10-26T03:28:53.110940
AAPL,262.74,905457,2025-10-26T03:28:56.282017
GOOGL,259.91,528605,2025-10-26T03:28:56.357892
MSFT,523.50,492570,2025-10-26T03:28:56.435580
TSLA,433.59,851242,2025-10-26T03:28:56.507503
AAPL,262.74,905457,2025-10-26T03:28:59.587667
GOOGL,259.91,528605,2025-10-26T03:28:59.655327
MSFT,523.50,492570,2025-10-26T03:28:59.727187
TSLA,433.59,851242,2025-10-26T03:28:59.817620
AAPL,262.74,905457,2025-10-26T03:29:02.887767
GOOGL,259.91,528605,2025-10-26T03:29:03.039134
MSFT,523.50,492570,2025-10-26T03:29:03.183608
TSLA,433.59,851242,2025-10-26T03:29:03.244996
AAPL,262.74,905457,2025-10-26T03:29:06.452509
GOOGL,259.91,528605,2025-10-26T03:29:06.522787
MSFT,523.50,492570,2025-10-26T03:29:06.595384
TSLA,433.59,851242,2025-10-26T03:29:06.748166
AAPL,262.74,905457,2025-10-26T03:29:09.827848
GOOGL,259.91,528605,2025-10-26T03:29:09.910104
MSFT,523.50,492570,2025-10-26T03:29:09.984340
TSLA,433.59,851242,2025-10-26T03:29:10.053389
AAPL,262.74,905457,2025-10-26T03:29:13.129271
GOOGL,259.91,528605,2025-10-26T03:29:13.284433
MSFT,523.50,492570,2025-10-26T03:29:13.431736
TSLA,433.59,851242,2025-10-26T03:29:13.501203
AAPL,262.74,905457,2025-10-26T03:29:16.609471
GOOGL,259.91,528605,2025-10-26T03:29:16.684828
MSFT,523.50,492570,2025-10-26T03:29:16.766936
TSLA,433.59,851242,2025-10-26T03:29:16.838178
AAPL,262.74,905457,2025-10-26T03:29:20.158090
GOOGL,259.91,528605,2025-10-26T03:29:20.227850
MSFT,523.50,492570,2025-10-26T03:29:20.290665
TSLA,433.59,851242,2025-10-26T03:29:20.443060
AAPL,262.74,905457,2025-10-26T03:29:23.544921
GOOGL,259.91,528605,2025-10-26T03:29:23.615502
MSFT,523.50,492570,2025-10-26T03:29:23.691303
TSLA,433.59,851242,2025-10-26T03:29:23.806562
AAPL,262.74,905457,2025-10-26T03:29:26.908538
GOOGL,259.91,528605,2025-10-26T03:29:27.052249
MSFT,523.50,492570,2025-10-26T03:29:27.218463
TSLA,433.59,851242,2025-10-26T03:29:27.285780
